-- MySQL dump 10.13  Distrib 5.7.31, for Linux (x86_64)
--
-- Host: localhost    Database: vets_database
-- ------------------------------------------------------
-- Server version	5.7.31-0ubuntu0.18.04.1

/*!40101 SET @OLD_CHARACTER_SET_CLIENT=@@CHARACTER_SET_CLIENT */;
/*!40101 SET @OLD_CHARACTER_SET_RESULTS=@@CHARACTER_SET_RESULTS */;
/*!40101 SET @OLD_COLLATION_CONNECTION=@@COLLATION_CONNECTION */;
/*!40101 SET NAMES utf8 */;
/*!40103 SET @OLD_TIME_ZONE=@@TIME_ZONE */;
/*!40103 SET TIME_ZONE='+00:00' */;
/*!40014 SET @OLD_UNIQUE_CHECKS=@@UNIQUE_CHECKS, UNIQUE_CHECKS=0 */;
/*!40014 SET @OLD_FOREIGN_KEY_CHECKS=@@FOREIGN_KEY_CHECKS, FOREIGN_KEY_CHECKS=0 */;
/*!40101 SET @OLD_SQL_MODE=@@SQL_MODE, SQL_MODE='NO_AUTO_VALUE_ON_ZERO' */;
/*!40111 SET @OLD_SQL_NOTES=@@SQL_NOTES, SQL_NOTES=0 */;

CREATE DATABASE vets_database;

USE vets_database;

--
-- Table structure for table `Plan`
--

DROP TABLE IF EXISTS `Plan`;
/*!40101 SET @saved_cs_client     = @@character_set_client */;
/*!40101 SET character_set_client = utf8 */;
CREATE TABLE `Plan` (
  `Id` int(11) NOT NULL AUTO_INCREMENT,
  `Title` tinytext NOT NULL,
  `CreatedDate` datetime DEFAULT NULL,
  PRIMARY KEY (`Id`),
  UNIQUE KEY `Id_UNIQUE` (`Id`)
) ENGINE=InnoDB AUTO_INCREMENT=5 DEFAULT CHARSET=utf8;
/*!40101 SET character_set_client = @saved_cs_client */;

--
-- Dumping data for table `Plan`
--

LOCK TABLES `Plan` WRITE;
/*!40000 ALTER TABLE `Plan` DISABLE KEYS */;
INSERT INTO `Plan` VALUES (1,'8 week','2020-04-01 15:56:07'),(2,'12 week','2020-04-01 15:56:07'),(3,'16 week','2020-04-01 15:56:07'),(4,'20 week','2020-04-01 15:56:07');
/*!40000 ALTER TABLE `Plan` ENABLE KEYS */;
UNLOCK TABLES;


--
-- Table structure for table `ContentCycle`
--

DROP TABLE IF EXISTS `ContentCycle`;
/*!40101 SET @saved_cs_client     = @@character_set_client */;
/*!40101 SET character_set_client = utf8 */;
CREATE TABLE `ContentCycle` (
  `Id` int(11) NOT NULL AUTO_INCREMENT,
  `Cycle_Number` int(11) NOT NULL,
  `CreatedDate` datetime NOT NULL,
  `Plan_Id` int(11) NOT NULL,
  PRIMARY KEY (`Id`),
  UNIQUE KEY `Id_UNIQUE` (`Id`),
  KEY `fk_ContentCycle_Plan1_idx` (`Plan_Id`),
  CONSTRAINT `fk_ContentCycle_Plan1` FOREIGN KEY (`Plan_Id`) REFERENCES `Plan` (`Id`) ON DELETE NO ACTION ON UPDATE NO ACTION
) ENGINE=InnoDB AUTO_INCREMENT=22 DEFAULT CHARSET=utf8;
/*!40101 SET character_set_client = @saved_cs_client */;

--
-- Dumping data for table `ContentCycle`
--

LOCK TABLES `ContentCycle` WRITE;
/*!40000 ALTER TABLE `ContentCycle` DISABLE KEYS */;
INSERT INTO `ContentCycle` VALUES (1,1,'2020-04-01 15:56:07',1),(2,2,'2020-04-01 15:56:07',1),(3,3,'2020-04-01 15:56:07',1),(4,4,'2020-04-01 15:56:07',1),(5,5,'2020-04-01 15:56:07',1),(6,1,'2020-04-01 15:56:07',2),(7,2,'2020-04-01 15:56:07',2),(8,3,'2020-04-01 15:56:07',2),(9,4,'2020-04-01 15:56:07',2),(10,5,'2020-04-01 15:56:07',2),(11,1,'2020-04-01 15:56:07',3),(12,2,'2020-04-01 15:56:07',3),(13,3,'2020-04-01 15:56:07',3),(14,4,'2020-04-01 15:56:07',3),(15,5,'2020-04-01 15:56:07',3),(16,1,'2020-04-01 15:56:07',4),(17,2,'2020-04-01 15:56:07',4),(18,3,'2020-04-01 15:56:07',4),(19,4,'2020-04-01 15:56:07',4),(20,5,'2020-04-01 15:56:07',4),(21,6,'2020-04-01 15:56:07',4);
/*!40000 ALTER TABLE `ContentCycle` ENABLE KEYS */;
UNLOCK TABLES;

--
-- Table structure for table `Group`
--

DROP TABLE IF EXISTS `Group`;
/*!40101 SET @saved_cs_client     = @@character_set_client */;
/*!40101 SET character_set_client = utf8 */;
CREATE TABLE `Group` (
  `Id` int(11) NOT NULL AUTO_INCREMENT,
  `Name` varchar(45) DEFAULT NULL,
  `CreatedDate` datetime DEFAULT NULL,
  `Active` tinyint(1) DEFAULT '1',
  `Plan_Id` int(11) NOT NULL,
  PRIMARY KEY (`Id`),
  KEY `fk_Group_Plan1_idx` (`Plan_Id`),
  CONSTRAINT `fk_Group_Plan1` FOREIGN KEY (`Plan_Id`) REFERENCES `Plan` (`Id`) ON DELETE NO ACTION ON UPDATE NO ACTION
) ENGINE=InnoDB AUTO_INCREMENT=38 DEFAULT CHARSET=utf8;
/*!40101 SET character_set_client = @saved_cs_client */;

--
-- Dumping data for table `Group`
--

LOCK TABLES `Group` WRITE;
/*!40000 ALTER TABLE `Group` DISABLE KEYS */;
INSERT INTO `Group` VALUES (1,'16 week Group','2020-04-20 17:18:11',1,3),(2,'20 week Group','2020-04-20 17:19:03',1,4),(3,'20 week Group','2020-04-20 17:19:03',1,4),(4,'16 week Group','2020-04-20 17:19:27',1,3),(5,'8 week Group','2020-04-20 17:22:10',1,1),(6,'8 week Group','2020-04-20 17:22:39',1,1),(7,'8 week Group','2020-04-20 17:22:39',1,1),(8,'8 week Group','2020-04-20 17:22:58',1,1),(9,'8 week Group','2020-04-20 17:45:35',1,1),(10,'My Group','2020-04-20 18:00:30',1,1),(11,'8 week Group','2020-04-20 19:39:13',1,1),(12,'Collins Sick Group','2020-04-20 19:46:35',1,2),(13,'20 week Group','2020-04-22 19:14:08',1,4),(14,'8 week Group','2020-04-23 01:13:54',1,1),(15,'20 week Group','2020-04-24 22:35:29',1,4),(16,'20 week Group','2020-04-24 22:37:58',1,4),(17,'8 week Group','2020-04-25 21:29:49',1,1),(18,'8 week Group','2020-09-18 00:30:59',1,1),(19,'Test group 8 week fun with friends','2020-09-18 00:39:09',1,1),(20,'20 week Group','2020-09-18 20:52:21',1,4),(21,'12 week Group','2020-09-23 19:32:00',1,2),(22,'20 week Group','2020-09-23 19:32:12',1,4),(23,'16 week Group','2020-09-23 19:33:02',1,3),(24,'8 week Group','2020-09-23 19:36:47',1,1),(25,'8 week Group','2020-09-23 19:37:28',1,1),(26,'8 week Group','2020-09-23 19:37:40',1,1),(27,'16 week Group','2020-09-23 19:37:56',1,3),(28,'8 week Group','2020-09-23 19:38:32',1,1),(29,'8 week Group','2020-09-23 19:39:04',1,1),(30,'8 week Group','2020-09-23 19:39:08',1,1),(31,'8 week Group','2020-09-23 19:39:42',1,1),(32,'8 week Group','2020-09-23 19:40:19',1,1),(33,'8 week Group','2020-09-23 19:42:11',1,1),(34,'16 week Group','2020-09-23 19:44:38',1,3),(35,'8 week Group','2020-09-23 19:46:02',1,1),(36,'16 week Group','2020-09-23 19:56:18',1,3),(37,'8 week Group','2020-09-23 20:19:41',1,1);
/*!40000 ALTER TABLE `Group` ENABLE KEYS */;
UNLOCK TABLES;

--
-- Table structure for table `GroupRole`
--

DROP TABLE IF EXISTS `GroupRole`;
/*!40101 SET @saved_cs_client     = @@character_set_client */;
/*!40101 SET character_set_client = utf8 */;
CREATE TABLE `GroupRole` (
  `Id` int(11) NOT NULL,
  `Name` varchar(45) DEFAULT NULL,
  PRIMARY KEY (`Id`)
) ENGINE=InnoDB DEFAULT CHARSET=utf8;
/*!40101 SET character_set_client = @saved_cs_client */;

--
-- Dumping data for table `GroupRole`
--

LOCK TABLES `GroupRole` WRITE;
/*!40000 ALTER TABLE `GroupRole` DISABLE KEYS */;
INSERT INTO `GroupRole` VALUES (1,'Admin'),(2,'Standard');
/*!40000 ALTER TABLE `GroupRole` ENABLE KEYS */;
UNLOCK TABLES;

--
-- Table structure for table `Section`
--

DROP TABLE IF EXISTS `Section`;
/*!40101 SET @saved_cs_client     = @@character_set_client */;
/*!40101 SET character_set_client = utf8 */;
CREATE TABLE `Section` (
  `Id` int(11) NOT NULL AUTO_INCREMENT,
  `Title` tinytext NOT NULL,
  `Passage_Paraphrased` text,
  `Passage_Reference` text,
  `Additional_Thoughts` text,
  `Order` int(11) DEFAULT NULL,
  `CreatedDate` datetime DEFAULT NULL,
  `ContentCycle_Id` int(11) NOT NULL,
  `Main_Idea` text,
  `Song_Link` tinytext,
  PRIMARY KEY (`Id`),
  UNIQUE KEY `Id_UNIQUE` (`Id`),
  KEY `fk_Section_ContentCycle1_idx` (`ContentCycle_Id`),
  CONSTRAINT `fk_Section_ContentCycle1` FOREIGN KEY (`ContentCycle_Id`) REFERENCES `ContentCycle` (`Id`) ON DELETE NO ACTION ON UPDATE NO ACTION
) ENGINE=InnoDB AUTO_INCREMENT=841 DEFAULT CHARSET=utf8;
/*!40101 SET character_set_client = @saved_cs_client */;

--
-- Dumping data for table `Section`
--

LOCK TABLES `Section` WRITE;
/*!40000 ALTER TABLE `Section` DISABLE KEYS */;
INSERT INTO `Section` VALUES (1,'Daily Attitude of my Heart - Sacrifice','I present my body as a living sacrifice, holy & acceptable to YOU, which is my spiritual worship & reasonable service.','Romans 12:1-2','God is attracted to weakness. He can’t resist those who humbly and honestly admit how desperately they need Him. Jim Cymbola',1,NULL,1,'I present myself as a living sacrifice before YOU, Spirit fill & control me.','https://www.youtube.com/watch?v=NvAiO12cAQs'),(2,'Daily Attitude of my Heart - Focus','YOU have told me that if I wish to follow YOU, I must deny myself, take up my cross daily & follow YOU.','Luke 9:23',NULL,2,NULL,1,'Deny my self centered life. I recognize that I need to deny my own \"justified\" feelings and rights.','https://www.youtube.com/watch?v=Tw8-g7a3T7k'),(3,'Daily Attitude of my Heart - Obey','By this I know if I have come to know YOU, if I keep YOUR commandments.','1 John 2:3',NULL,3,NULL,1,'I will get up & put into action what YOU have called me to do, saying, \"Not my will, but thine\"',NULL),(4,'Daily Attitude of my Heart - Thoughts','FIX my thoughts on what is true, honorable, right, pure, lovely, & admirable. I choose to think about things that are excellent & worthy of praise.','Phil 4:8','Take thoughts & feelings captive.',4,NULL,1,'Help me take thoughts & feelings captive that are not of faith.','https://songselect.ccli.com/search/themes'),(5,'My Father in Heaven','Look at the birds of the air; they do not sow, reap or store away in barns, and yet YOU, my heavenly FATHER feeds them. Am I not much more valuable than they?','Matt 6:26',NULL,5,NULL,1,'My earthly father was not perfect, but YOU are!','https://songselect.ccli.com/search/themes'),(6,'I exalt & glorify YOUR holy Name','Come back, we beg you, O God of Heaven\'s Armies. Look down from heaven and see our plight. Take care of this grapevine','Ps 80:14',NULL,6,NULL,1,'YOU are: HOLY, HOLY, HOLY is the Lord God almighty! Commander of the Armies of Heaven: How cool is that!','tremble-mosaic mcs'),(7,'YOUR Nature','FATHER, YOUR thoughts are not my thoughts, neither are your ways my ways. For as the heavens are higher than the earth, so are YOUR ways higher than mine ways & YOUR thoughts than my thoughts.','Is 55:8, 9',NULL,7,NULL,1,'I worship because YOU are: Transcendent',NULL),(8,'Scripture reading',NULL,'Psalms',NULL,8,NULL,1,'Read 1 Chapter in the Psalms',NULL),(9,'Yeild to YOU','YOUR Kingdom come, YOUR will be done on earth & in my life as it is in Heaven.','Mat 6:10',NULL,9,NULL,1,'Show me where YOU are at work today and bless me to join YOU there.',NULL),(10,'Wait on YOU','I wait for YOU, my soul waits, in YOUR word I hope; my soul waits for YOU more than watchmen for the morning.','Ps 130:5, 6',NULL,10,NULL,1,'I am waiting & consciously pausing so YOU can take the lead today.',NULL),(11,'Recognize my sin & idoltry','Let no sin reign in my mortal body, to make me obey its passions.','Is 44:9 Lisa Bevere',NULL,11,NULL,1,'An idol is anything you draw your strength from or give your strength to. It is how you spend yourself—your time, your efforts, your thoughts. It is the driving force behind your actions. Of such things, Scripture says: The fashioners of an image—all of them are emptiness, and the things they delight in cannot profit.',NULL),(12,'Recognize & replace','Put on: TENDERHEARTED FORGIVNESS: I will be kind and compassionate to others, forgiving them just as YOU forgave me.','Eph. 4:32','Search me, O God, and know my heart! Try me and know my thoughts',12,NULL,1,'You don’t have to go to heathen lands today to find false gods. America is full of them. Whatever you love more than God is your idol. D.L. Moody','https://www.youtube.com/watch?v=82YsmSmekv0'),(13,'Repent','The end of the matter; all has been heard. I will fear God and keep his commandments, for this is the whole duty of man.','Ecclesiastes 12:13 ESV','What specifically do I need to make clean right now?',13,NULL,1,'If I confess my sins, YOU are faithful & just & will forgive my sins & purify me from all unrighteousness. I will fail like a just man seven time (over & over) and I will rise up again and walk in forgiveness. 1 John 1:9',NULL),(14,'Release','For to this you were called, because Christ also suffered for us, leaving us an example, that you should follow His steps: “Who committed no sin, Nor was deceit found in His mouth”; who, when He was reviled, did not revile in return; when He suffered, He did not threaten, but committed Himself to Him who judges righteously; who Himself bore our sins in His own body on the tree, that we, having died to sins, might live for righteousness; by whose stripes you were healed. For you were like sheep going astray, but have now returned to the Shepherd and Overseer of your souls.','1 Peter 2:21-25 NKJV',NULL,14,NULL,1,'I sacrifice to YOU my sin so YOU can replace it with YOUR love. I sign over my title deed of ownership for these sins, & release them to YOU.',NULL),(15,'Scripture reading',NULL,'Proverbs',NULL,15,NULL,1,'Read 1 Chapter in the Proverbs',NULL),(16,'Pray for One Another','I have not ceased to pray & make special request for ____, that we all may be filled with the full knowledge of YOUR will in all wisdom, understanding & discernment of spiritual things.','Rom 12:16','Help me to live in harmony with others.',16,NULL,1,'Help me not be so proud that I don\'t enjoy the company of ordinary people while acting like I know it all! May YOU, who gives this patience & encouragement, help me live in complete harmony with others as fitting for followers of Christ Jesus.',NULL),(17,'Pray for salvation of others','“For God so loved the world, that he gave his only Son, that whoever believes in him should not perish but have eternal life.','John 3:16 ESV','Holy Spirit open eyes of _________________',17,NULL,1,'may these people stand before YOU as Father not as judge. “For God so loved the world, that he gave his only Son, that whoever believes in him should not perish but have eternal life.',NULL),(18,'Spouse','I as a wife does not have authority over my own body but yields it to my husband. In the same way, Husbands do not have authority over my own body but yields it to me his wife.\nMy wife does not have authority over her own body but yields it to me her husband. In the same way, I do not have authority over my own body but yields it to my wife.','SoS 2:16',NULL,18,NULL,1,'Adoration -My beloved is mine and I am theirs.',NULL),(19,'Kids in my life (current or future).','Pray my children, will obey their parents in the Lord, for this is right. “May they honor their father and mother”—because this commandment has a promise— “so that it may go well with them and that they may enjoy long life on the earth.','Acts 16:31 \nEph 6:1-2','Pray my children, will obey their parents in the Lord, for this is right. “May they honor their father and mother”—because this commandment has a promise— “so that it may go well with them and that they may enjoy long life on the earth. Eph 6:1-2',19,NULL,1,'For all the kids, may they have a passion for YOUR Scriptures. May my kids walk in YOUR BELIEF -As they believe in the Lord Jesus, they will be saved.',NULL),(20,'Pray for:','YOU desire all people to be saved & to come to the knowledge of the truth.','1 Tim 2:4','Navy, pastor, pvf donors, PVF Board',20,NULL,1,'Leadership I am accountable to.',NULL),(21,'Scripture reading',NULL,'OT',NULL,21,NULL,1,'Read 1 Chapter in the OT',NULL),(22,'Personal -Blessings','May the words of my mouth and the meditation of my heart be pleasing to you, O LORD, my rock and my redeemer.','Mat 6:11\nPs. 19:14',NULL,22,NULL,1,'Give me today my daily bread.',NULL),(23,'Personal -specific issues','But the tax collector stood at a distance. He would not even look up to heaven, but beat his breast and said, \'God, have mercy on me, a sinner.\' I tell you that this man, rather than the other, went home justified before God. For everyone who exalts himself will be humbled, and he who humbles himself will be exalted.','Luke 18:13-14','I humble myself under YOUR mighty Hand & cast up to YOU these specific matters, becasue I know YOU care for me (1 Pet 5:6-8) and I come in the merits of JESUS alone to make my case that in these items YOU would receive glory and I would receive YOUR good gifts for me.',23,NULL,1,NULL,NULL),(24,'Personal -$$','The rich rules over the poor, and the borrower is the slave of the lender. So I choose freedom and will get and stay out of all debt, no excuses!','Proverbs 22:7',NULL,24,NULL,1,'Help me manage the resources YOU have given me stewardship over according to YOUR truth.',NULL),(25,'Personal -power of my words','Dear children, let us not love with words or speech but with actions and in truth.','1 John 3:18',NULL,25,NULL,1,'Help me be careful what comes out of my mouth.','song words can lift you up and words can tear you down'),(26,'Personal -Who am I?','I am led by the Spirit of God and I am a child of God.','Rom 8:14','How much would life be different if I lived by God\'s veiw of me in JESUS?',26,NULL,1,'I am a child of God.','Lauren daigle-YOU say'),(27,'My Life Purpose','For I am YOUR workmanship, created in YOU for good works, which YOU prepared beforehand, that I should walk in YOU.','Eph 2:10','Who is God to me?',27,NULL,1,'God is, God is near, God is love, Longing to communicate HIMself to me. God the Almighty One Who worketh all in all, is even now waiting to work in me, and make HIMself known. -Andrew Murray',NULL),(28,'Thanks','Let YOUR peace rule in my heart, which I was called in one body to be thankful. Let YOUR word dwell in me richly, teaching & admonishing me in all wisdom, singing psalms & hymns & spiritual songs, with thankfulness in my heart to YOU. And whatever I do, in word or deed, may I do everything in YOUR name Lord Jesus, giving thanks to YOU God the Father.','Col 3:15-17',NULL,28,NULL,1,NULL,NULL),(29,'Scripture reading',NULL,'NT',NULL,29,NULL,1,'Read 1 Chapter in the NT',NULL),(30,'Warfare','Help me be watchful for enemy threat.','1 Corinthians 6:18','May I not face tempation today and deliver me from the enemy that seeks to lie to me and get me to cooperate with the killing, stealing and destroying of everything good YOU desire to bring to my life.',30,NULL,1,'I will flee from sexual immorality. Every other sin I commit is outside the body, but the sexually immoral is a sin against my own body.',NULL),(31,'Armor On!','Cloth me with YOUR whole armor today including my feet with the agile readiness that comes from the Gospel of Peace so I can stand firm against attack, move quickly to gain ground & spread truth wherever I go. Maneuver in battle or die. \"I\'m up, they see me, I\'m down.\"','James 4:7','Submit yourselves to God. Resist the devil, and he will flee from you.',31,NULL,1,'Put on the armor of God.',NULL),(32,'Journal','YOU paid attention & heard me, & a book of remembrance was written before YOU of those who feared YOU & esteemed YOUR name.','Mal 3:16',NULL,32,NULL,1,'Journal what You said to me today:',NULL),(33,'Benidiction for my day','In this way bless one another. *Jehovah bless me & keep me. *Jehovah make YOUR face shine upon me & be gracious to me. *Jehovah lift up YOUR face to me & give me peace.','Num 6:23-26',NULL,33,NULL,1,NULL,NULL),(34,'Music with meaning.','I will sing to YOU, I will sing praises to YOUR name; I will lift up a song to YOU who rides through the deserts; YOUR name is the Lord; I will exalt YOU!','Psalm 68:4',NULL,34,NULL,1,'Listen to songs that draw me close to YOU all day.','https://www.youtube.com/playlist?list=PLZdpE0NYhNb8oTRuuAgPt6OG0SuWcMZUK'),(35,'Pray for specific people.',NULL,NULL,'Customer user input will soon be available here.',35,NULL,1,'Who would you have me pray for right now? (fill names in below)',NULL),(36,'Forgivness','Forgive me of my sins in the exact same way I forgive those that have sinned against me.','Mat 6:12',NULL,36,NULL,1,NULL,NULL),(37,'My List',NULL,NULL,NULL,37,NULL,1,'This will be a list of people I am praying for.',NULL),(38,'Worship & Praise -YOUR Name',NULL,'Matthew 6:9',NULL,38,NULL,1,'I exalt & glorify YOUR holy Name:',NULL),(39,'Replace my way with YOUR way, I receive:',NULL,NULL,'Custom user input will soon be available here.',39,NULL,1,NULL,NULL),(40,'Personal Requests','Brothers, if anyone is caught in any transgression, you who are spiritual should restore him in a spirit of gentleness. Keep watch on yourself, lest you too be tempted. Bear one another\'s burdens, and so fulfill the law of Christ. For if anyone thinks he is something, when he is nothing, he deceives himself.','Galatians 6:1-3',NULL,40,NULL,1,'list burdens & concerns I am praying for:',NULL),(41,'Daily Attitude of my Heart - Sacrifice','The sacrifices YOU desire from me are a broken spirit and contrite heart, O God, YOU will not despise.','Psalm 51:17',NULL,1,NULL,2,'I present myself as a living sacrifice, FATHER may your love flow to and through me.','Don Harris / Marty J Nystrom - A Broken Spirit'),(42,'Daily Attitude of my Heart - Focus','Jesus said to them, \"If anyone wishes to come after ME, he must deny himself, take up his cross & follow Me.\" So today, I choose YOU over my own priorities.','Mark 8:34',NULL,2,NULL,2,'it\'s not about me, it\'s about YOU!',NULL),(43,'Daily Attitude of my Heart - Obey','When all has been heard, the end of the matter is this: I want to worship YOU with awe-filled reverence, knowing that YOU are almighty God and keep YOUR commandments. I know YOU will bring every act to judgment, every hidden and secret thing, whether it is good or evil.','Ecc. 12:13,14',NULL,3,NULL,2,NULL,NULL),(44,'Daily Attitude of my Heart - Thoughts','I will work to destroy every proud obstacle that keeps me from knowing YOU by working consciously to capture my rebellious, self centered thoughts that are not rooted in faith as they enter my mind & teach them to obey YOU.','2 Cor 10:5, 6','Take thoughts & feelings captive.',4,NULL,2,'Win the battles on the inside of me before they get to the outside of me and become fully birthed sin.',NULL),(45,'My Father in Heaven','If a man owns a hundred sheep, and one of them wanders away, will he not leave the ninety-nine on and go to look for the one that wandered off? And if he finds it he is happier about that one sheep than about the ninety-nine that did not wander off. In the same way my Heavenly Father is not willing that any of HIS little ones should be lost. So even if I feel insignificant and alone, God the Father is focused on helping me as if I where they only child HE had!','Matt 18:12-14',NULL,5,NULL,2,'My earthly father was prone to the same sinnful failures as I but YOU will never fail or forsake me ever.',NULL),(46,'I exalt & glorify YOUR holy Name','YOU exist with no boundaries, YOU do not change & are inexhaustible energy & objective truth to whom we must conform through JESUS alone, YOUR ultimate provision for relationship.','desiringGod.com','Last Adam - 1 Corinthians 15:45',6,NULL,2,'YOU are: the great \"I AM\":',NULL),(47,'YOUR Nature','In YOU, I have obtained an inheritance (as an adopted child), having been predestined according to YOUR purpose who works all things according to the counsel of YOUR will.','Eph 1:11',NULL,7,NULL,2,'I worship because YOU are: my perfect Father',NULL),(48,'Scripture reading',NULL,'Psalms',NULL,8,NULL,2,'Read 1 Chapter in the Psalms',NULL),(49,'Yeild to YOU','YOUR Kingdom come (act of waiting & longing for my real home), YOUR will, (timing & desire) be done on earth & in my life as it is in Heaven.','Mat 6:10',NULL,9,NULL,2,'Lead me to YOUR best for me today.',NULL),(50,'Wait on YOU','I am still & know that YOU are God; YOU will be exalted among the nations, YOU will be exalted in the earth.','Ps 46:11:',NULL,10,NULL,2,'Let paitence have her perfect work.',NULL),(51,'Recognize my sin & idoltry','As I bring my specific failures and sorry coming before you, YOU will cleanse me from all the sin that I have committed against YOU and will forgive all my sins of rebellion against YOU.','Lisa Bevere',NULL,11,NULL,2,'In biblical times people would form idols and images, then bow down to what they themselves had crafted. Those with eyes asked guidance of blind idols. Those with breath, mouth, and voice cried out to mute figures with lifeless lips. Those with ears to hear cried out to deaf ears of stone. It sounds like a mistake too obvious to make, but how easily we can do the same!',NULL),(52,'Recognize & replace','Put on: FORGIVING SPIRIT   I will bear with others and forgive one another, if any have grievance against me. I will forgive as YOU forgave me.','Colossians 3:13','Point out anything in me that offends you, and lead me along the path of everlasting life.',12,NULL,2,'Put off: UNFORGIVING SPIRIT   If I will not forgive others, including myself, neither will YOU forgive my sins. Mk 11:26',NULL),(53,'Repent','The fear of the Lord is the beginning of knowledge; fools despise wisdom and instruction.','Proverbs 1:7 ESV','Forgive me of my sins in the exact same way I forgive those that have sinned against me. Mat 6:12 Note repentance and forgiveness run hand in hand. You can\'t have one without the other.',13,NULL,2,'O Lord, hear my voice! Let your ears be attentive to the voice of my pleas for mercy! If you, O LORD, should mark iniquities, O Lord, who could stand? But with YOU there is forgiveness, that YOU may be feared (because of forgiveness I need YOU regularly, where if as judge we were sentenced & sent away there would be no more relationship or desire for one). Our bad şhows YOUR love\'s greatness!  Psalm 130:2-4',NULL),(54,'Release','For “He who would love life And see good days, Let him refrain his tongue from evil, And his lips from speaking deceit. Let him turn away from evil and do good; Let him seek peace and pursue it. For the eyes of the LORD are on the righteous, And His ears are open to their prayers; But the face of the LORD is against those who do evil.”','1 Peter 3:10-12 NKJV',NULL,14,NULL,2,'I will release hold on the failures of my past & give it to YOU, especially if I am holding past sin against myself in unforgiveness.',NULL),(55,'Scripture reading',NULL,'Proverbs',NULL,15,NULL,2,'Read 1 Chapter in the Proverbs',NULL),(56,'Pray for One Another','May we may walk in a manner worthy of YOU, fully pleasing to YOU & desiring to please YOU in all things, bearing fruit in every good work & steadily growing & increasing in & by the knowledge of YOU. Nothing else in life matters.','Col 1:10','I will not grumble aganist others.',16,NULL,2,'Help me not grumble to myself or with others today. John 6:43',NULL),(57,'Pray for salvation of others','For YOUR invisible attributes, namely, YOUR eternal power & divine nature, have been clearly perceived, ever since the creation of the world, in the things that have been made. So, I am without excuse.','Rom 1:20-22','power of Gospel into salvation, For I am not ashamed of the gospel, because it is the power of God that brings salvation to everyone who believes: first to ?, then to ?.',17,NULL,2,NULL,NULL),(58,'Spouse','I will submit myself to my husband, and I pray that __________________ will submit himself to YOU oh, Lord. \nI will love ___________________, as YOU loved the church & gave YOURSELF for her, that YOU might sanctify her, having cleansed her by the washing of water with the Word, so that YOU may present the church to YOURSELF in splendor, without spot or wrinkle or any such thing, that she might be holy & without blemish.','Acts 16:31',NULL,18,NULL,2,'Belief -As a family may we all believe in the Lord Jesus, and we will be saved. May I be an example to my spouse, and family of faith in YOU, Lord Jesus, May I be an example so that my spouse and family will desire a relationship with YOU.',NULL),(59,'Kids in my life (current or future).','May my kids walk in YOUR BLESSING -Lord bless us and keep us, Lord make YOUR face shine upon us and be gracious to us, Lord turn YOUR face toward us and give us peace.','Num 6:24-26','I pray for the spouses of my children, may YOU bring them spouses with the qualities of Ruth & Boaz, May their spouse keep themself pure & undefiled by worldly pleasures. May my children and their future mate “Be not conformed to this world, but be transformed by the renew of their minds through scripture” Rom 12:2',19,NULL,2,'For all the kids, may they love YOU intimately & serve YOU faithfully all the days of their lives.',NULL),(60,'Pray for:','Do not take revenge, but leave room for God’s wrath which is far more effective than mine, for it is written: “It is mine to avenge; I will repay,” says the Lord. The ultimate irrony of unforgivness is that we stand BETWEEN YOU and the one that hurt us preventing YOU from \"taking care\" of the situation in that persons life and we take the pain instead. Unforgivness sheilds the offender from being dealt with!','Romans 12:19',NULL,20,NULL,2,'Those that have hurt me.',NULL),(61,'Scripture reading',NULL,'OT',NULL,21,NULL,2,'Read 1 Chapter in the OT',NULL),(62,'Personal -Blessings','Now to YOU who is able to do far more abundantly beyond all that I ask or think, according to the power that works in me, to YOU be the glory in the church & in Christ Jesus to all generations forever & ever.','Eph 3.20-21',NULL,22,NULL,2,'Give me today my daily bread, like the manna came daily with no worry for tomorrow.',NULL),(63,'Personal -specific issues','If I had cherished sin in my heart, YOU would not have listened.','Psalm 66:18','I would like to cast on YOU now the following issues that I personally need YOU to deal with in my day today: 1 Pet 5:6-8',23,NULL,2,'“HOW TO ASCERTAIN THE WILL OF GOD I seek at the beginning to get my heart into such a state that it has no will of its own in regard to a given matter. Nine-tenths of the trouble with people generally is just here. Nine-tenths of the difficulties are overcome when our hearts are ready to do the Lord\'s will, whatever it may be. When one is truly in this state, it is usually but a little way to the knowledge of what His will is.”  ― George Müller, Answers to Prayer From George Müller\'s Narratives',NULL),(64,'Personal -$$','On the first day of every week, I need to put something aside and store it up, as I may prosper, so that there will be no collecting when YOU come.','1 Corinthians 16:2',NULL,24,NULL,2,'Help me be faithful in the little things daily.',NULL),(65,'Personal -power of my words','Do not repay evil with evil or insult with insult. On the contrary, repay evil with blessing, because to this I am called so that I may inherit a blessing. Occasionally, out of my very own mouth come praise & cursing and this should not be. James 3:10 Let no cursing come from my mouth, may I only praise YOU or be silent today.','1 Peter 3:9',NULL,25,NULL,2,'Even the causal words I speak have power, may I only speak truth.',NULL),(66,'Personal -Who am I?','I will be on guard, watchful:, standing firm in the faith, I will be courageous, I will be strong. Let everything that I do be done in love.','1 Cor 16:13-14','Imagine my life fully alive as who I am in JESUS!',26,NULL,2,'I am a warrior',NULL),(67,'My Life Purpose','For I am YOUR workmanship, created in YOU for good works, which YOU prepared beforehand, that I should walk in YOU.','Eph 2:10','Who am I?',27,NULL,2,'I always wanted to be somebody. Now I realize I should have been more specific. -Lily Tomlin\nThe glory of God is a human being fully alive. -Irenaeus\nA healthy sefl-image is seeing yourself as God sees you. No more, no less.',NULL),(68,'Thanks','Above all I put on love, which binds everything together in perfect harmony. Let YOUR peace rule in my heart, to which indeed I was called in one body, and be thankful.','Col 3:14, 15',NULL,28,NULL,2,NULL,NULL),(69,'Scripture reading',NULL,'NT',NULL,29,NULL,2,'Read 1 Chapter in the NT',NULL),(70,'Warfare','I break all generational curses active in my life in JESUS name.','Romans 12:2','May I not face tempation today and deliver me from the enemy that seeks to lie to me and get me to cooperate with the killing, stealing and destroying of everything good YOU desire to bring to my life.',30,NULL,2,'I should not be conformed to this world, but be transformed by the renewal of my mind, that by testing, I may discern what is YOUR good, acceptable and perfect will. Galatians 3:13 But Christ has rescued me from the curse pronounced by the law. When he was hung on the cross, he took upon himself the curse for my wrongdoing. For it is written in the Scriptures, \"Cursed is everyone who is hung on a tree.\"',NULL),(71,'Armor On!','Cloth me with YOUR whole armor today including the Belt of Truth securely around my waist holding me together.','1 John 4:4','I am from God, and am one of YOUR little children, and have overcome the enemy; because greater are YOU who is in me than the enemy who is in the world.',31,NULL,2,'“Every source of blessing is a point of attack.” ― David McGee',NULL),(72,'Journal','I will praise YOU with all my heart; I will tell of all the marvelous things YOU have done.','Ps 9:1',NULL,32,NULL,2,'Journal what You said to me today:',NULL),(73,'Benidiction for my day','Now to YOU who is able to keep me from falling & to present me faultless before YOUR Presence of grace with exceeding joy (finishing well), to the only wise God my Savior, be glory & honor, dominion & power, both now & forever, in all dimensions & outside of all time, Amen!','Jude 24, 25',NULL,33,NULL,2,NULL,NULL),(74,'Music with meaning.','YOU put a new song in my mouth, a song of praise to YOU my God. Many will see and fear, and put their trust in YOU.','Psalm 40:3',NULL,34,NULL,2,'The music I hear effects who I become.','https://www.youtube.com/playlist?list=PLZdpE0NYhNb8oTRuuAgPt6OG0SuWcMZUK'),(75,'Pray for specific people.',NULL,NULL,'Customer user input will soon be available here.',35,NULL,2,'Who would you have me pray for right now? (fill names in below)',NULL),(76,'Forgivness','I release all rights I have for bitterness & hurt against anyone that wronged me. I offer those hurts to YOU as a sacrifice of faith & praise for the forgiveness YOU offered me.','Mat 6:12',NULL,36,NULL,2,NULL,NULL),(77,'My List',NULL,NULL,NULL,37,NULL,2,'This will be a list of people I am praying for.',NULL),(78,'Worship & Praise -YOUR Name',NULL,'Matthew 6:9',NULL,38,NULL,2,'I exalt & glorify YOUR holy Name:',NULL),(79,'Replace my way with YOUR way, I receive:',NULL,NULL,'Custom user input will soon be available here.',39,NULL,2,NULL,NULL),(80,'Personal Requests','Do not be anxious about anything, but in everything by prayer and supplication with thanksgiving let your requests be made known to God.','Philippians 4:6',NULL,40,NULL,2,'list burdens & concerns I am praying for:',NULL),(81,'Daily Attitude of my Heart - Sacrifice','If I focus on saving my life I will lose it, but if I will lose my life for YOUR sake I will save it.','Luke 9:24',NULL,1,NULL,3,'I present myself as a living sacrifice, Spirit fill & use me today.','Chris Tomlin - Lord I Need You'),(82,'Daily Attitude of my Heart - Focus','Paul urged me, by YOUR mercies, to present my body a living & holy sacrifice, acceptable to YOU, which is my spiritual service of worship.','Rom 12:1',NULL,2,NULL,3,'I recognize that I need to deny my own \"justified\"  frustrations, & offenses.',NULL),(83,'Daily Attitude of my Heart - Obey','If I know the right thing to do and fail to do it, for me it is sin.','James 4:17',NULL,3,NULL,3,'I don\'t have to \"feel\" willing to obey, but I must \"be\" willing.',NULL),(84,'Daily Attitude of my Heart - Thoughts','Keep me from copying the behavior & customs of this world, but transform me into a new person by changing the way I think, reforming my conscience thoughts to align with YOUR truth. Then I will learn to know YOUR will for me, which is good, pleasing & perfect.','Rom 12:2','Take thoughts & feelings captive.',4,NULL,3,'My thoughts are vital because they are the first thing to be triggered in the chain reaction of my soul.',NULL),(85,'My Father in Heaven','If I love my enemies, do good to them, and lend to them without expecting to get anything back, then my reward will be great, and I will be acting like a child of the Most High, because YOU are kind to the ungrateful and wicked. So help me be merciful, just as YOU, my FATHER in Heaven is merciful.','Lk 6:35,36',NULL,5,NULL,3,'Thank YOU for adopting me into YOUR forever family because of my faith in JESUS.',NULL),(86,'I exalt & glorify YOUR holy Name','Have you ever thought about God as a daddy? Galatians 4:6 says, \"And because ye are children, God hath sent forth the Spirit of his Son into your hearts, crying, Abba, Father.\" Abba is the Aramaic word meaning Daddy, Father. It\'s a term of warm affection, intimacy, and respect for one\'s father. Now, to some that may sound like an irreverent way to address God, but Jesus called God, \"Our Father,\" in Matthew 6:9 and He gave us that same right. In America, children call their fathers, Daddy, but in the Middle East, they say Abba. Jesus says that we can call the great God of the Universe, Abba Father. Daddy Father. How amazingly blessed we are!','Mark 14:36; Romans 8:15; Galatians 4:6','Second Adam - 1 Corinthians 15:47',6,NULL,3,'YOU are: Abba Father, Daddy!',NULL),(87,'YOUR Nature','From the rising of the sun to its setting YOUR name is great among the nations.','Mal 1:11',NULL,7,NULL,3,'I worship because of YOUR: Powerful name',NULL),(88,'Scripture reading',NULL,'Psalms',NULL,8,NULL,3,'Read 1 Chapter in the Psalms',NULL),(89,'Yeild to YOU','For God is the King of all the earth; Sing praises with a skillful psalm. God reigns over the nations, God sits on His holy throne.','Ps 47:7,8',NULL,9,NULL,3,'Guide me in a great adventure for YOUR glory today.',NULL),(90,'Wait on YOU','I will draw near to YOU, & YOU will draw near to me. Cleanse my hands (what I do), I am a sinner & purify my heart (what I think), I am double-minded.','Jam 4:8',NULL,10,NULL,3,'Speak Lord, I am listening.',NULL),(91,'Recognize my sin & idoltry','copy verse, idols','Rom 1:21 Lisa Bevere',NULL,11,NULL,3,'When we don’t take our problems to God, we end up crying out to the very problems that have us ensnared. When we worship the work of our hands or the works of the flesh, we worship images of the creation and not the Creator. We become like those Paul speaks of: For although they knew God, they neither glorified him as God nor gave thanks to him, but their thinking became futile and their foolish hearts were darkened.',NULL),(92,'Recognize & replace','Put on: EDIFYING SPEECH.  I will not let any unwholesome talk come out of my mouth, but only what is helpful for building others up according to their needs, that it may benefit those who listen.','Eph 4:29','Examine me, God, and know my mind, test me, and know my thoughts.',12,NULL,3,'Put off: GOSSIP   I should not get into the habit of being idle and going about from house to house (on my social media feed). Not only will I become idle, but also a busy body who talks nonsense, saying things I ought not to. 1 Tim 5:13',NULL),(93,'Repent','And I not fear those who kill the body but cannot kill the soul. Rather I will fear him who can destroy both soul and body in hell.','Matthew 10:28 ESV','I release all rights I have for bitterness & hurt against anyone that wronged me. I offer those hurts to YOU as a sacrifice of faith & praise for the forgiveness YOU offered me. Mat 6:12',13,NULL,3,'I will return to YOU my God. My sins have been my downfall.  Hosea 14:1',NULL),(94,'Release','I have fought the good fight, I have finished the race, I have kept the faith. Finally, there is laid up for me the crown of righteousness, which the Lord, the righteous Judge, will give to me on that Day, and not to me only but also to all who have loved His appearing.','2 Timothy 4:7-8 NKJV',NULL,14,NULL,3,'Let it go of failures and hold it no longer:',NULL),(95,'Scripture reading',NULL,'Proverbs',NULL,15,NULL,3,'Read 1 Chapter in the Proverbs',NULL),(96,'Pray for One Another','I pray that we may be invigorated & strengthened with all power according to the might of YOUR glory, to exercise every kind of endurance & patience perseverance & forbearance with joy, giving thanks to YOU, who has (nothing I could have done) qualified & made us fit to share the portion which is the inheritance of the saints, God\'s holy people, in the Light.','1 Tim 2:1-2','I will pray for the good of others.',16,NULL,3,'I will pray for and make requests, prayers, intercession & thanksgiving for everyone including kings & all those in authority, that I may live a peaceful & quiet life in all godliness & holiness.',NULL),(97,'Pray for salvation of others',NULL,NULL,'Seek the Lord while he may be found; call upon him while he is near; let the wicked forsake his way, and the unrighteous man his thoughts; let him return to the Lord , that he may have compassion on him, and to our God, for he will abundantly pardon. Isa 55:6,7',17,NULL,3,'“Conversion is God’s work: it cannot be wrought without his hand. Without him we can do nothing.” CH Spurgeon',NULL),(98,'Spouse','And so I will love my husband and children, I will be self-controlled, pure, working at home, kind, and submissive to my husband, that the word of God may not be reviled. \nI will love my wife, as YOU loved the church & gave YOURSELF for her, that YOU might sanctify her, having cleansed her by the washing of water with the word, so that YOU may present the church to YOURSEL in splendor, without spot or wrinkle or any such thing, that she might be holy & without blemish.','Pro 3:33',NULL,18,NULL,3,'Blessing -Bless our home as we practice righteousness together.',NULL),(99,'Kids in my life (current or future).','And this is the will of God, that JESUS will not lose even one of all those the FATHER has given me, but that JESUS will raise them up at the last day.','John 6:39','I appeal to you, brothers, by the name of our Lord Jesus Christ, that all of you agree, and that there be no divisions among you, but that you be united in the same mind and the same judgment. For it has been reported to me by Chloe\'s people that there is quarreling among you, my brothers.  1 Corinthians 1:10‭-‬11 ESV',19,NULL,3,'For all the kids, may they find their identity & worth in YOU.',NULL),(100,'Pray for:','I offer up to YOU supplications, prayers, intercessions, & thanksgivings for all people, for kings & all who are in high positions, that we may lead a peaceful & quiet life, godly & dignified in every way. This is good, & it is pleasing in YOUR sight, who desires all people to be saved & to come to the knowledge of the truth.','1 Tim 2:1-4','that YOU will reveal YOURself strong & personal to them.',20,NULL,3,'President & government leaders federal, state and local.',NULL),(101,'Scripture reading',NULL,'OT',NULL,21,NULL,3,'Read 1 Chapter in the OT',NULL),(102,'Personal -Blessings','YOU have plans specifically for me. They are plans for good and not for disaster, to give me a future and a hope.','Jer. 29:11',NULL,22,NULL,3,'Give me today my daily bread, like manna, sufficient for today with no worry for tomorrow.',NULL),(103,'Personal -specific issues','The eyes of the LORD are on me as YOUR righteous child and YOUR ears are attentive to my cry.','Psalm 34:15','I come boldly before YOUR throne of Grace (Hebrews 4:16) as YOU told me to and humble myself under YOUR mighty Hand & cast up to YOU these specific matters, becasue I know YOU care for me. 1 Pet 5:6-9',23,NULL,3,'“When we become aligned with God’s purpose, we are going to pray prayers that are irresistible.” Derek Prince',NULL),(104,'Personal -$$','The Pharisees, who loved money, heard all this and were sneering at Jesus. HE said to them, “You are the ones who justify yourselves in the eyes of others, but God knows your hearts. What people value highly is detestable in God’s sight.”','Luke 16:14',NULL,24,NULL,3,'Guide me to multiple the resources YOU have given me stewardship over.',NULL),(105,'Personal -power of my words','If I think I\'m religious and do not bridle my tongue but deceive my heart, my religion is worthless.','James 1',NULL,25,NULL,3,NULL,NULL),(106,'Personal -Who am I?','Therefore, now that I am in Christ, I am a new creation. The old has passed away; behold, the new has come.','2 Cor 5:17','Remind me WHO I AM because of YOU JESUS:',26,NULL,3,'I am a new creature.',NULL),(107,'My Life Purpose','Even as YOU chose me before the foundation of the world, that I should be holy and blameless before YOU, in love YOU predestined me for adoption as YOUR child through Jesus Christ, according to the purpose of YOUR will.','Eph 1:4-5','Why am I here?',27,NULL,3,'Show me where YOU are working and bless me with the chance to join YOU in it today! The great tragedy in life is not death but life without reason. -Myles Monroe David, after he had SERVED THE PURPOSE OF GOD fell asleep and was laid among his fathers. Acts 13:36',NULL),(108,'Thanks','Thanks be to YOU for YOUR inexpressible gift!','2 Cor 9:15',NULL,28,NULL,3,'super excited that you are in the process of answering every single little detail of everything I am bringing before you!',NULL),(109,'Scripture reading',NULL,'NT',NULL,29,NULL,3,'Read 1 Chapter in the NT',NULL),(110,'Warfare','Help me identify any demonic activity that is oppressing my life in JESUS name.','Philippians 4:7','May I not face tempation today and deliver me from the enemy that seeks to lie to me and get me to cooperate with the killing, stealing and destroying of everything good YOU desire to bring to my life.',30,NULL,3,'And YOUR peace, which surpasses all understanding, will guard my heart and mind in YOU.',NULL),(111,'Armor On!','Cloth me with YOUR whole armor today including the Shield of Faith to defeat the flaming arrows of the evil one, strengthen my arm & help me hold my faith in front of me all day so I can use it to protect myself, my family, & those under my care.','2 Cor. 10:3-5','For though I live in the world, I do not wage war as the world does. The weapons of my fight with are not the weapons of the world. On the contrary, they have divine power to demolish strongholds (soul wounds + lies). I demolish arguments and every pretension that sets itself up against the knowledge of God, and take captive every thought to make it obedient to Christ.',31,NULL,3,'“Christ is my standard, the Bible is my guide, and His Blood is my healer. On the narrow way I press on looking forward to the eternal glory on the other side.” ― Anya vonderLuft',NULL),(112,'Journal','I will teach YOU diligently to my children, & shall talk of YOU when I sit at home, & when I walk or lie down, & when I get up each morning.','Deut 6:7-9',NULL,32,NULL,3,'Journal what You said to me today:',NULL),(113,'Benidiction for my day','May YOU fill me with joy & peace in believing, so that by YOUR power Holy SPIRIT I may abound in hope.','Rom 15:13',NULL,33,NULL,3,NULL,NULL),(114,'Music with meaning.','Like Paul and Silas, I will keep praying and singing hymns to YOU.','Acts 16:25',NULL,34,NULL,3,'The media I consume today will be part of who I am.','https://www.youtube.com/playlist?list=PLZdpE0NYhNb8oTRuuAgPt6OG0SuWcMZUK'),(115,'Pray for specific people.',NULL,NULL,'Customer user input will soon be available here.',35,NULL,3,'Who would you have me pray for right now? (fill names in below)',NULL),(116,'Forgivness','Forgive me of my sins in the EXACT SAME WAY I forgive those I feel have wronged me.','Mat 6:12',NULL,36,NULL,3,NULL,NULL),(117,'My List',NULL,NULL,NULL,37,NULL,3,'This will be a list of people I am praying for.',NULL),(118,'Worship & Praise -YOUR Name',NULL,'Matthew 6:9',NULL,38,NULL,3,'I exalt & glorify YOUR holy Name:',NULL),(119,'Replace my way with YOUR way, I receive:',NULL,NULL,'Custom user input will soon be available here.',39,NULL,3,NULL,NULL),(120,'Personal Requests',NULL,NULL,NULL,40,NULL,3,'list burdens & concerns I am praying for:',NULL),(121,'Daily Attitude of my Heart - Sacrifice','For you do not delight in sacrifice, or I would give it; The sacrificial gift YOU desire from me is my broken spirit. You will not reject a broken & repentant heart, O God. Once I fully give YOU that, YOUR reinfocments, supplies & relief are heading my way!','Ps 51:16, 17',NULL,1,NULL,4,'I present myself as a living sacrifice, Help me life in the power of your grace today JESUS','Matt Redman - Gracefully Broken (Lyric Video) ft. Tasha Cobbs Leonard'),(122,'Daily Attitude of my Heart - Focus','I\'m putting on the Lord Jesus Christ, & making no provision for the flesh in regard to its lusts.','Rom 13:14',NULL,2,NULL,4,NULL,NULL),(123,'Daily Attitude of my Heart - Obey','Because I love YOU JESUS, I will keep YOUR commandments.','John 14:15',NULL,3,NULL,4,NULL,NULL),(124,'Daily Attitude of my Heart - Thoughts','I will continue to put into practice all that I learned & received from YOU JESUS, everything I have heard from YOU & seen YOU doing. Then the God of peace will be with me.','Phil 4:9','Take thoughts & feelings captive.',4,NULL,4,'I reject anything that would put my interests & concerns ahead of YOUR plans that YOU are working in my life today.',NULL),(125,'My Father in Heaven','I choose to not be afraid, like a sheep protected and provided for by the Good Shephard, for my Father has been pleased to give me the Kingdom.','Lk 12:32',NULL,5,NULL,4,'YOU are the father that never fails me.',NULL),(126,'I exalt & glorify YOUR holy Name','Genesis 1:1 says, \"In the beginning God created the heaven and the earth.\" It literally says, \"In the beginning Elohim created the heaven and the earth.\" That\'s the Hebrew word from two root words: El, which means strength and unlimited power. And the last part is allah, which means to keep a promise. Elohim is also a plural noun. I believe that right here on the threshold of the Bible we see an indication of the nature of God, as shown in the Holy Trinity - God the Father, God the Son, and God the Holy Spirit. All three were present in creation (see John 1:3). \nThe plural form of Eloah, which accommodates the doctrine of the Trinity. From the Bible’s first sentence, the superlative nature of God’s power is evident as God (Elohim) speaks the world into existence.','Genesis 1:1-3, 27-28; 3:3; Isaiah 40:28, 54:5; Psalm 19:1-6, 95:6; Nehemiah 9:17; Hebrews 1:8, 11:3, Genesis 17:7; Jeremiah 31:33','Seed of Abraham - Galatians 3:16',6,NULL,4,'YOU are: ELOHIM[el-oh-heem]: God “Creator, Mighty and Strong”','Elohim - Hillsong Worship'),(127,'YOUR Nature','May the LORD answer me in the day of trouble! May the name of the God of Jacob protect me! May he grant me my heart\'s desire & fulfill all my plans!','Ps 20:1, 4',NULL,7,NULL,4,'I worship because YOU are: my Protector & Rewarder',NULL),(128,'Scripture reading',NULL,'Psalms',NULL,8,NULL,4,'Read 1 Chapter in the Psalms',NULL),(129,'Yeild to YOU','May YOUR Kingdom come, which is my true home, and YOUR will be done on earth & in my life as quickly & completely as it is in Heaven.','Mat 6:10',NULL,9,NULL,4,'There is no eternal point in my efforts unless YOU are doing the work. My best ideas are as filthy rags!',NULL),(130,'Wait on YOU','Let me know & pursue the knowledge of YOU. YOUR going forth is established as the morning; YOU will come to me like the rain to the earth.','Hos 6:3',NULL,10,NULL,4,'God I long to hear from YOU.',NULL),(131,'Recognize my sin & idoltry','I will not present myself to someone as slaves for obedience, I am a slave of the one whom I obey, either of sin resulting in death, or of obedience resulting in righteousness?','Romans 6:16',NULL,11,NULL,4,'For although they knew God, they neither glorified him as God nor gave thanks to him, but their thinking became futile and their foolish hearts were darkened. Rom 1:21 The people spoken of in Romans 1 knew there was a Creator God, but they did not want to glorify Him or acknowledge His provision by thanking Him. Soon their hearts became like the idols they worshiped: void of light and futile. Lisa Bevere',NULL),(132,'Recognize & replace','Put on: SELF-DENIAL.  Very truly I tell you, unless a kernel of wheat falls to the ground and dies, it remains only a single seed. But if it dies, it produces many seeds. Help me die to my selfish desires today so I can grow in YOU and produce abundant fruit.','Jh 12:24','See if there is any hurtful way in me & lead me in the everlasting way.',12,NULL,4,'Put off: SELFISHNESS   Do I look out for my own interests, or those of Jesus Christ? Phil. 2:21',NULL),(133,'Repent','The fear of the Lord is hatred of evil. Pride and arrogance and the way of evil and perverted speech I hate.','Proverbs 8:13 ESV','Forgive me of my sins in the EXACT SAME WAY I forgive those I feel have wronged me. Mat 6:12',13,NULL,4,'Therefore I will confess my sins to others and pray for them so that we all may be healed. The prayer of a righteous person is powerful and effective.  James 5:16',NULL),(134,'Release','Those who are wise shall shine Like the brightness of the firmament, And those who turn many to righteousness Like the stars forever and ever.','Daniel 12:3 NKJV',NULL,14,NULL,4,'RECEIVE FORGIVENESS AND FREEDOM!!!',NULL),(135,'Scripture reading',NULL,'Proverbs',NULL,15,NULL,4,'Read 1 Chapter in the Proverbs',NULL),(136,'Pray for One Another','Thank YOU for continuing to deliver & draw us to Yourself out of the control & the dominion of darkness & transfer us into the kingdom of YOUR Son, in whom we have our redemption through JESUS\' blood, the forgiveness of our sins.','Rom 15:7','I will be accepting of others.',16,NULL,4,'I accept others just as YOU have accepted me so that YOU will be given glory.',NULL),(137,'Pray for salvation of others',NULL,NULL,'godly sorrow brings life, worldly sorrow death',17,NULL,4,NULL,NULL),(138,'Spouse',NULL,'Ecc 4:12',NULL,18,NULL,4,'Commitment -Though one may be overpowered, two can defend themselves. A cord of three strands is not quickly broken. Together we are strong and hold fast!',NULL),(139,'Kids in my life (current or future).','May my kids walk in YOUR CONTENTMENT -Keep their life free from love of money, and help them be content with what they have, for YOU tell us that YOU will never leave us nor forsake us.','Heb 13:5',NULL,19,NULL,4,'For all the kids, may their spouses, current & those to come, be strong believers drawing them closer to YOU & be full of love for the larger family unit.',NULL),(140,'Pray for:','I pray for the peace of Jerusalem: and they who love YOU will prosper. May peace be within its walls, and prosperity within the palaces.','Ps. 122:6-7',NULL,20,NULL,4,'Peace of Jerusalem',NULL),(141,'Scripture reading',NULL,'OT',NULL,21,NULL,4,'Read 1 Chapter in the OT',NULL),(142,'Personal -Blessings','I should not be anxious about anything, but in everything by prayer & supplication with thanksgiving I will make my requests known to YOU. And YOUR peace, which surpasses all understanding, will guard my heart & mind in Christ JESUS.','Jer. 29:11',NULL,22,NULL,4,'Give me today my daily bread like manna, all I need today, with no worry for tomorrow.',NULL),(143,'Personal -specific issues','I do not make requests of YOU because I am righteous, but because of YOUR great mercy.','Daniel 9:18','So I\'m coming boldly to YOUR throne of grace, that I may obtain mercy, and find grace to help in my time of need. -Hebrews 4:16  I would like to cast on YOU now the following issues that I personally need YOU to deal with in my day today: 1 Pet 5:6-9',23,NULL,4,'Any concern too small to be turned into a prayer is too small to be made into a burden.',NULL),(144,'Personal -$$','Give, and it will be given to me. Good measure, pressed down, shaken together, running over, will be put into my lap. For with the measure I use it will be measured back to me.','Luke 6:38',NULL,24,NULL,4,'I acknowledge that all my stuff comes as gifts from YOU.',NULL),(145,'Personal -power of my words','Gracious words are like a honeycomb, sweetness to the soul and health to the body.','Proverbs 16:24','If any one wills to do God\'s will he shall know concerning my teaching, whether it is from God, or I speak my own authority. Dedicate them in thy truth; thy word is truth.\" John 7:17)',25,NULL,4,'Let me speak YOUR truth as if every word I say will immediately become true.',NULL),(146,'Personal -Who am I?','YOUR divine power granted me all things that pertain to life & godliness, through YOUR knowledge YOU called me to YOUR own glory & excellence, by which YOU granted to me YOUR precious & very great promises, so that through me others may become partakers of the divine nature, having escaped from the corruption that is in the world because of sinful desire.','2 Peter 1:3, 4','Remind me WHO I AM because of YOU JESUS:',26,NULL,4,'I am a partake of YOUR divine nature.',NULL),(147,'My Life Purpose','Declaring the end from the beginning and from ancient times things not yet done, saying, ‘YOUR counsel shall stand, and YOU will accomplish all YOUR purpose for me,’','Is 46:10','What really matters?',27,NULL,4,'Back of every noble life there are principles that have fashion it. -George Lorimer\nIf anyone competes as an athlete, he does not win the prize unless he compteres according to the rules. -Apostle Paul',NULL),(148,'Thanks','I will not be anxious about anything, but in everything by prayer & supplication with thanksgiving I will let my requests be made known to YOU. And YOUR peace, which surpasses all understanding, will guard my heart & mind in YOU.','Phil 4:6',NULL,28,NULL,4,'At least twice each day – in the morning and in the evening – the whole household should be gathered together to bow before the Lord – parents and children, master and servant – to confess their sins, to give thanks for God\'s mercies, to seek His help and blessing. Nothing must be allowed to interfere with this duty: All other domestic arrangements are to bend to it. A.W. Pink',NULL),(149,'Scripture reading',NULL,'NT',NULL,29,NULL,4,'Read 1 Chapter in the NT',NULL),(150,'Warfare','Show me any enemy (strongholds=soul wounds+lies) that are in my life and cast them down to utter destruction in JESUS name.','Deut 31:6 ESV','May I not face tempation today and deliver me from the enemy that seeks to lie to me and get me to cooperate with the killing, stealing and destroying of everything good YOU desire to bring to my life.',30,NULL,4,'I will be strong and courageous and not fear or be in dread, for it is YOU Lord God who goes with me. YOU will not leave me or forsake me.',NULL),(151,'Armor On!','Cloth me with YOUR whole armor today including the Sword of The Spirit, the Word of God so I can use it to protect myself & others from the evil one through the power & authority of YOUR Word, & please help me use your Word to bring, encouragement, strength & wisdom.','2 Samuel 23:10 NIV','Eleazar stood his ground and struck down the Philistines till his hand grew tired and froze to the sword. The Lord brought about a great victory that day. The troops returned to Eleazar, but only to strip the dead.',31,NULL,4,'“Temptation is not his (Satan\'s) strongest weapon. Despair is.” ― Dennis Garvin, Case Files of an Angel',NULL),(152,'Journal','I will bind YOUR word as a sign on my heart & it will be as frontlets between my eyes.','Deut 6:7-9',NULL,32,NULL,4,'Journal what You said to me today:',NULL),(153,'Benidiction for my day','Lord, YOU promise to preserve me from all evil & preserve my soul. YOU preserve my going out & my coming in from this time forth & even for evermore.','Ps 121:7,8',NULL,33,NULL,4,NULL,NULL),(154,'Music with meaning.','What am I to do? I will pray with my spirit, but I will pray with my mind also; I will sing praise with my spirit, but I will sing with my mind also.','1 Corinthians 14:15',NULL,34,NULL,4,'As I think in my heart, so I become.','https://www.youtube.com/playlist?list=PLZdpE0NYhNb8oTRuuAgPt6OG0SuWcMZUK'),(155,'Pray for specific people.',NULL,NULL,'Customer user input will soon be available here.',35,NULL,4,'Who would you have me pray for right now? (fill names in below)',NULL),(156,'Forgivness','Forgive me my sins in the exact same way & to the exact same extent as I forgive those that have offened me.','Mat 6:12',NULL,36,NULL,4,NULL,NULL),(157,'My List',NULL,NULL,NULL,37,NULL,4,'This will be a list of people I am praying for.',NULL),(158,'Worship & Praise -YOUR Name',NULL,'Matthew 6:9',NULL,38,NULL,4,'I exalt & glorify YOUR holy Name:',NULL),(159,'Replace my way with YOUR way, I receive:',NULL,NULL,'Custom user input will soon be available here.',39,NULL,4,NULL,NULL),(160,'Personal Requests',NULL,NULL,NULL,40,NULL,4,'list burdens & concerns I am praying for:',NULL),(161,'Daily Attitude of my Heart - Sacrifice','I know that my body is the temple of the Holy Spirit, which I have received from YOU like a rental unit & I am not my own.','1 Cor 6:19',NULL,1,NULL,5,'I present myself as a living sacrifice, FATHER may your love flow to and through me.',NULL),(162,'Daily Attitude of my Heart - Focus','I want to put on the Lord Jesus Christ, and make no provision for my flesh, to gratify its desires.','Romans 13:14',NULL,2,NULL,5,'Really denying myself on the \"inside\" (my control) is often much harder to do than denying myself \"outwardly\" (careers, positions, material things).',NULL),(163,'Daily Attitude of my Heart - Obey','Lord, I will show YOU my love today by obeying what YOU speak into my life & by keeping YOUR commandments.','John 15:14',NULL,3,NULL,5,'I don\'t know what YOU have planned for me, but the my answer is yes!',NULL),(164,'Daily Attitude of my Heart - Thoughts','But one thing I do: forgetting what lies behind & straining forward to what lies ahead, I press on toward the goal for the prize of the upward call of God in Christ Jesus.','Phil 3:9','Take thoughts & feelings captive.',4,NULL,5,'When I don\'t take every selfish, untruth thought captive & I just go along with my own \"tide of emotion\" it leads me to confusion, discouragment & depression. That\'s just exactly how the enemy wants me to cooperate in my own destruction, by loosing the battle for my mind.',NULL),(165,'My Father in Heaven','I need not let my heart be troubled. I trust in God and I trust also in JESUS. In my Heavenly Father’s house are many rooms; if it were not so, JESUS would have told me. JESUS is there now preparing a place for me.','Jn 14:1, 2',NULL,5,NULL,5,'Salvation is the process of being aquited of my deserved death penalty and then legally adopdted by YOU the judge as YOUR child all becasue of the work of restoration done by JESUS for me personally.',NULL),(166,'I exalt & glorify YOUR holy Name','The name Jehovah is used some 6,800 times in the Bible. It is the personal covenant name of Israel\'s God. In the King James version of the Bible, it\'s translated Lord God. Not only does it speak of God\'s strength, but also it speaks of the sovereignty and goodness of God. The root of this name means \"self-existing,\" one who never came into being, and one who always will be. When Moses asked God, \"Who shall I tell Pharaoh has sent me?\" God said, \"I AM THAT I AM.\" Jehovah or Yahweh is the most intensely sacred name to Jewish scribes and many will not even pronounce the name. When possible, they use another name.','Isaiah 40:3; 10; 1 Samuel 1:20; Exodus 6:1-4; 3:1-22; John 6:35; 8:12; 10:7, 9, 11, 14; 11:25; 14:6; 15:1, 5','Seed of David - 2 Timothy 2:8',6,NULL,5,'YOU are: Yahweh\nThe Self-Existent One',NULL),(167,'YOUR Nature','Because I hold fast to YOU in love, YOU will deliver me; YOU will protect me, because I know YOUR name. When I call to YOU, YOU will answer me; YOU will be with me in trouble; YOU will rescue me & honor me. With long life YOU will give me & show me YOUR salvation.','Ps 91:14-16',NULL,7,NULL,5,'I worship because YOU are: my Deliverer',NULL),(168,'Scripture reading',NULL,'Psalms',NULL,8,NULL,5,'Read 1 Chapter in the Psalms',NULL),(169,'Yeild to YOU','YOUR Kingdom come, YOUR will be done on earth & in my life as it is in Heaven.','Mat 6:10',NULL,9,NULL,5,'Am I pushing forward in my life on my own or letting YOU take the lead and set the pace?',NULL),(170,'Wait on YOU','YOU are good to those who wait for YOU, to the soul who seeks YOU. It is good that one should wait quietly for YOUR salvation (deliverance).','Lamentations 3:25, 26',NULL,10,NULL,5,'I am waiting & consciously pausing so YOU can take the lead today.',NULL),(171,'Recognize my sin & idoltry','Then when lust has conceived, it gives birth to sin; and when sin is accomplished, it brings forth death.','James 1:15',NULL,11,NULL,5,'We all serve something or someone. The question is not if you serve but whom you serve. The image you behold is the image you become—not outwardly but inwardly. Lisa Bevere',NULL),(172,'Recognize & replace','Put on: SELF-CONTROL.  I am better a patient person than a warrior, one with self-control than one who takes a city.','Pr. 16:32','Search & know me. Where do I need changes?',12,NULL,5,'Put Off: LOSING TEMPER   I will be like a city whose walls are broken through if I am a person who lacks self-control. Pr. 25:28',NULL),(173,'Repent','But in every nation anyone who fears YOU and does what is right is acceptable to YOU.','Acts 10:35 ESV','Forgive me my sins in the exact same way & to the exact same extent as I forgive those that have offened me. Mat 6:12',13,NULL,5,'I confess my iniquity; I am troubled by my sin. Psalm 38:18',NULL),(174,'Release','“The soul who sins shall die. The son shall not bear the guilt of the father, nor the father bear the guilt of the son. The righteousness of the righteous shall be upon himself, and the wickedness of the wicked shall be upon himself.','Ezekiel 18:20 NKJV',NULL,14,NULL,5,'Releasing is the act of forgiving others & myself & letting God handle the consequences.',NULL),(175,'Scripture reading',NULL,'Proverbs',NULL,15,NULL,5,'Read 1 Chapter in the Proverbs',NULL),(176,'Pray for One Another','For God is my witness, whom I serve with my spirit in the gospel of his Son, that without ceasing I mention you always in my prayers, asking that somehow by God\'s will I may now at last succeed in coming to you. For I long to see you, that I may impart to you some spiritual gift to strengthen you— that is, that we may be mutually encouraged by each other\'s faith, both yours and mine.','Romans 1','May I not hurt others with my words or deeds.',16,NULL,5,'For the whole law can be summed up in this one command: \"Love my neighbor as myself. But if I am always biting & devouring others, I should watch out! Beware of destroying others, especially with my words and deeds. Gal 5:14, 15',NULL),(177,'Pray for salvation of others',NULL,NULL,'true repentance',17,NULL,5,NULL,NULL),(178,'Spouse',NULL,'Josh 1:9',NULL,18,NULL,5,'Courage -May we be strong and courageous. Let us not be afraid or discouraged, for the Lord our God will be with us wherever we go.',NULL),(179,'Kids in my life (current or future).','May my kids walk in YOUR COURAGE -Help them be strong and courageous and unafraid. Let them not be discouraged, for YOU their God will be with them wherever they go.','Jos 1:9',NULL,19,NULL,5,'For all the kids, may they be surrounded by the influence of others & activities that draw them closer to YOU.',NULL),(180,'Pray for:','A friend loves at all times.','Pr 17:17',NULL,20,NULL,5,'friends',NULL),(181,'Scripture reading',NULL,'OT',NULL,21,NULL,5,'Read 1 Chapter in the OT',NULL),(182,'Personal -Blessings','Just as Jabez called upon YOU I ask that YOU would bless me and enlarge my territory, that YOUR hand might be with me, and that YOU would keep me from harm so that it might not bring me pain! I beleive YOU are granting what I ask.','1 Chron. 4:10',NULL,22,NULL,5,'Attempt something large enough that failure is guaranteed…unless God steps in!',NULL),(183,'Personal -specific issues','In the morning, O LORD, you hear my voice; in the morning I lay my requests before you and wait in expectation.','Psalm 5:3','I humble myself under YOUR mighty Hand & cast up to YOU these specific matters, becasue I know YOU care for me. 1 Pet 5:6-9',23,NULL,5,'To be a Christian without prayer is no more possible than to be alive without breathing.',NULL),(184,'Personal -$$','The worries of this life, the deceitfulness of wealth and the desires for other things come in and choke the word, making it unfruitful. So I choose to trust YOUR provisioin knowing there is no concept of want, lack or shortage in YOUR Kingdom! This is George Muller territory. Read his biography.','Mark 4:19',NULL,24,NULL,5,'I am YOUR steward in the material world and everything thing currently under my control really belongs to YOU.',NULL),(185,'Personal -power of my words','Words from the mouth of the wise are gracious, but fools are consumed by their own lips.','Ecclesiastes 10:12',NULL,25,NULL,5,'Every word I speak pronounces blessings or cursings and is more powerful and far reaching than I realize .',NULL),(186,'Personal -Who am I?','The Spirit himself bears witness with my spirit that I am a child of God.','Rom 8:16','Remind me WHO I AM because of YOU JESUS:',26,NULL,5,'I am a child of God.',NULL),(187,'My Life Purpose','So, whether I eat or drink, or whatever I do, I will do all to YOUR glory.','1 Cor 10:31','What shall I do?',27,NULL,5,'A life in which anything goes will ultimatly be a life in which nothing goes. -John Maxwell\nWhatever failures I have known, whatever errors I have committed, whatever follies I have witnessed in private and public life have been the consequence of action without thought. -Bernard Baruch',NULL),(188,'Thanks','Every good gift & every perfect gift in my life is from YOU, coming down from my heavenly Father of lights with whom there is no variation or shadow due to change. Help me recognize the steady stream of gifts you bring into my life everyday, the big and especially the small!','Jam 1:17',NULL,28,NULL,5,'I would maintain that thanks are the highest form of thought, and that gratitude is happiness doubled by wonder.',NULL),(189,'Scripture reading',NULL,'NT',NULL,29,NULL,5,'Read 1 Chapter in the NT',NULL),(190,'Warfare','In the name of JESUS show me if I have opened the door for curses to be active on my life from past sinful behavior or patricipation in something of which I am unaware.','Romans 12:19','May I not face tempation today and deliver me from the enemy that seeks to lie to me and get me to cooperate with the killing, stealing and destroying of everything good YOU desire to bring to my life.',30,NULL,5,'I will never avenge myself, but I will leave it to YOUR wrath, for it is written, “Vengeance is mine, I will repay, says the Lord.”',NULL),(191,'Armor On!','Cloth me with YOUR whole armor today including the Helmet of salvation to remind me I am YOURs and protect me from thoughts that are not of faith before they ever turn into sinnful actions.','Is. 54:17','No weapon that is formed against me will prosper; and every tongue that accuses me in judgment YOU will condemn. This is the heritage of the servants of the Lord, and my vindication is directly from YOU, Lord.',31,NULL,5,'In opposition…to all the suggestions of the devil, the sole, simple, and sufficient answer is the word of God. This puts to flight all the powers of darkness. The Christian finds this to be true in his individual experience. It dissipates his doubts; it drives away his fears; it delivers him from the power of Satan. Charles Hodge',NULL),(192,'Journal','I will write YOUR instructions on the door posts of my house & on my gates.','Deut 6:7-9',NULL,32,NULL,5,'Journal what You said to me today:',NULL),(193,'Benidiction for my day','Let YOUR grace & peace be multiplied unto me through the knowledge of YOU, Jesus my Lord, according as YOUR divine power YOU have given me all things that pertain unto life & godliness, through the knowledge of YOU that called me to glory & virtue.','2 Peter 1:2,3',NULL,33,NULL,5,NULL,NULL),(194,'Music with meaning.','I will sing to YOU a new song, YOUR praise from the end of the earth, YOU who go down to the sea, and all that fills it, the coastlands and their inhabitants.','Isaiah 42:10',NULL,34,NULL,5,'The words I plant in my mind today with always produce fruit in time. Do I want the crop I am planning?','https://www.youtube.com/playlist?list=PLZdpE0NYhNb8oTRuuAgPt6OG0SuWcMZUK'),(195,'Pray for specific people.',NULL,NULL,'Customer user input will soon be available here.',35,NULL,5,'Who would you have me pray for right now? (fill names in below)',NULL),(196,'Forgivness','Forgive my sins in the same way & to the same degree as I forgive those that I feel have wronged and hurt me.','Mat 6:12',NULL,36,NULL,5,NULL,NULL),(197,'My List',NULL,NULL,NULL,37,NULL,5,'This will be a list of people I am praying for.',NULL),(198,'Worship & Praise -YOUR Name',NULL,'Matthew 6:9',NULL,38,NULL,5,'I exalt & glorify YOUR holy Name:',NULL),(199,'Replace my way with YOUR way, I receive:',NULL,NULL,'Custom user input will soon be available here.',39,NULL,5,NULL,NULL),(200,'Personal Requests',NULL,NULL,NULL,40,NULL,5,'list burdens & concerns I am praying for:',NULL),(201,'Daily Attitude of my Heart - Sacrifice','I have been crucified with Christ, therefore, it is no longer I who live, but Christ who lives in me. And the life I now live in the flesh I live by faith in the Son of God, who loved me and gave himself for me.','Galatians 2:20',NULL,1,NULL,6,'I present myself as a living sacrifice, Spirit fill & use me today.','Crucified With Christ - Phillips Craig and Dean'),(202,'Daily Attitude of my Heart - Focus','When I compete I exercise self-control in all things to receive a perishable prize. I will run in such a way, as not without aim; I box in such a way, as not beating the air; but I discipline my body & make it my slave. Help me do the same spiritually, so that, after I have preached to others, I myself will not be disqualified for lack of discipline and focus.','1 Corinthians 9:25-27',NULL,2,NULL,6,NULL,NULL),(203,'Daily Attitude of my Heart - Obey','At YOUR Word, I will.','Luke 5:5',NULL,3,NULL,6,NULL,NULL),(204,'Daily Attitude of my Heart - Thoughts','I will set no worthless thing before my eyes (what am I consuming with my eyes); I hate the work of those who fall away (whose influence am I allowing in my life); It will not be allowed to fasten its grip on me.','Psalm 101:3','Take thoughts & feelings captive.',4,NULL,6,NULL,NULL),(205,'My Father in Heaven','Jesus teaches me that the Heavenly Father himself loves me because I have loved HIM and have believed that HE came from God the FATHER.','Jn 16:27',NULL,5,NULL,6,'With my own children, when they are obedience and respectful there is nothing good for them I would not want to give them especially when they ask me. How much more my perfect, sinless Father in heaven will far exceed that!',NULL),(206,'I exalt & glorify YOUR holy Name','Isaiah 43: 1-3b says, \"But now thus saith the LORD that created thee, O Jacob, and He that formed thee, O Israel, Fear not: for I have redeemed thee, I have called thee by thy name; thou art Mine. When thou passest through the waters, I will be with thee; and through the rivers, they shall not overflow thee: when thou walkest through the fire, thou shalt not be burned; neither shall the flame kindle upon thee. For I am the LORD thy God, the Holy One of Israel, thy Savior.\" God is saying, \"I made you, I saved you, I\'m going to take care of you.\" God has made you for a purpose And He\'s going to take care of you. Even when sin marred God\'s original creation, God didn\'t say, \"I\'m finished with it.\" No. God made it and God stays with it. Isn\'t that a wonderful arrangement?','Is 43:1-3','Son of David - Matthew 15:22',6,NULL,6,'YOU are: El Chuwl\nThe God Who Gave You Birth',NULL),(207,'YOUR Nature','I know YOUR name and I put my trust in YOU, for YOU, O LORD, have not forsaken me who seek you.','Ps 9:10',NULL,7,NULL,6,'I worship because YOU are: Attentive to me',NULL),(208,'Scripture reading',NULL,'Psalms',NULL,8,NULL,6,'Read 1 Chapter in the Psalms',NULL),(209,'Yeild to YOU','YOUR Kingdom come (act of waiting & longing for my real home), YOUR will, (timing & desire) be done on earth & in my life as it is in Heaven.','Mat 6:10',NULL,9,NULL,6,'And in His will is our peace.',NULL),(210,'Wait on YOU','Unless YOU build the house, I labour in vain building it: except YOU keep the city, I wake in vain.','Psalm 127:1',NULL,10,NULL,6,'I am waiting & consciously pausing so YOU can take the lead today.',NULL),(211,'Recognize my sin & idoltry','There is no soundness in my flesh because of YOUR indignation; There is no health in my bones because of my sin. For my iniquities are gone over my head; As a heavy burden they weigh too much for me.','Psalm 38:3-4',NULL,11,NULL,6,'I want you to be strengthened as you seek and serve the one true God. I encourage you to spend time in prayer today. Invite the Holy Spirit to reveal anything that has caused you to rely on a lesser god. Turn away from that image, glorify your Heavenly Father, and give thanks for who He is and what He does. When you keep your heart close to Him, you will remain in the light of truth! Lisa Bevere',NULL),(212,'Recognize & replace','Put on: PURE SPEECH.  If I have a soothing tongue it is a tree of life, but a perverse tongue crushes the spirit.','Pr 15:4','list of flesh,eyes,.pride of life...add passage',12,NULL,6,'Put off: PROFANITY  I will keep my mouth free of perversity; keep corrupt talk far from my lips. Pr. 4:24',NULL),(213,'Repent','YOU fulfill the desire of those who fear YOU; YOU also hear their cry and saves them.','Psalm 145:19 ESV','Forgive my sins in the same way & to the same degree as I forgive those that I feel have wronged and hurt me.  Mat 6:12',13,NULL,6,'Then I acknowledged my sin to YOU and did not cover up my iniquity. I said, “I will confess my transgressions to the Lord.” And YOU forgave the guilt of my sin.  Psalm 25:18',NULL),(214,'Release','Sow for yourselves righteousness; Reap in mercy; Break up your fallow ground, For it is time to seek the LORD, Till He comes and rains righteousness on you.','Hosea 10:12 NKJV',NULL,14,NULL,6,'YOU will cast my sin as far as the East is from west (infinate).',NULL),(215,'Scripture reading',NULL,'Proverbs',NULL,15,NULL,6,'Read 1 Chapter in the Proverbs',NULL),(216,'Pray for One Another','“Grace to you and peace from God our Father and the Lord Jesus Christ. I give thanks to my God always for you because of the grace of God that was given you in Christ Jesus, that in every way you were enriched in him in all speech and all knowledge— even as the testimony about Christ was confirmed among you— so that you are not lacking in any gift, as you wait for the revealing of our Lord Jesus Christ, who will sustain you to the end, guiltless in the day of our Lord Jesus Christ. God is faithful, by whom you were called into the fellowship of his Son, Jesus Christ our Lord.”','1Cor 1:3-9','I will choose peace regardless of how others behave.',16,NULL,6,'Salt is good, but if the salt has lost its saltiness, how will it be salty again? I will be like salt adding good taste & preserving those I come in contact with, & will choose to be at peace with one another. Mark 9:50',NULL),(217,'Pray for salvation of others',NULL,NULL,'Whoever believes in him is not condemned, but whoever does not believe is condemned already, because he has not believed in the name of the only Son of God. John 3:18 ESV',17,NULL,6,NULL,NULL),(218,'Spouse',NULL,'Phil 1:9, 10',NULL,18,NULL,6,'Discernment -It is my prayer that our love may abound more and more, with knowledge and all discernment, so that we may approve what is excellent, and so be pure and blameless for the day of Christ.',NULL),(219,'Kids in my life (current or future).','May my kids walk in YOUR ENCOURAGMENT -Do not let any unwholesome talk come out of our mouths, but only what is helpful for building each other up according to our needs, that it may benefit those who listen.','Eph 4:29',NULL,19,NULL,6,'Help me to be an example of YOU to them to my last day.',NULL),(220,'Pray for:','Religion that YOU my Father accepts as pure and faultless is this: to look after orphans and widows in their distress and to keep oneself from being polluted by the world.','James 1:27',NULL,20,NULL,6,'widows',NULL),(221,'Scripture reading',NULL,'OT',NULL,21,NULL,6,'Read 1 Chapter in the OT',NULL),(222,'Personal -Blessings','YOU who began a good work in me will bring it to completion at the day of Jesus Christ.','Phil 1:6',NULL,22,NULL,6,'Give me today my daily bread.',NULL),(223,'Personal -specific issues','This is the confidence I have in approaching YOU: that if I ask anything according to YOUR will, YOU hear me.','1 John 5:14','I would like to cast on YOU now the following issues that I personally need YOU to deal with in my day today: 1 Pet 5:6-9',23,NULL,6,'Is prayer your steering wheel or your spare tire?',NULL),(224,'Personal -$$','For where my treasure is, there my heart will be also.','Matthew 6:21',NULL,24,NULL,6,'“Money is really worth no more than as it can be used to accomplish the Lord\'s work. Life is worth as much as it is spent for the Lord\'s service.”  ―George Müller,',NULL),(225,'Personal -power of my words','Do not let any unwholesome talk come out of your mouths, but only what is helpful for building others up according to their needs, that it may benefit those who listen.','Ephesians 4:29',NULL,25,NULL,6,'My words are extremely powerful.',NULL),(226,'Personal -Who am I?','I cast all my anxieties on YOU, because YOU care for me.','1 Peter 5:7','Remind me WHO I AM because of YOU JESUS:',26,NULL,6,'I am care free.',NULL),(227,'My Life Purpose','I will fear YOU and keep YOUR commandments, for this is my whole duty. For YOU will bring every deed into judgment, with every secret thing, whether good or evil.','Eccl 12:13-14','How shall I do it?',27,NULL,6,'The world stands aside to let anyone pass who knows where he is going. -David Staff Gordon\nGive me a stock clerk with a goal and I will give you a man who will make history. Give me a man without a goal and I will give you a stock clerk. -J.C. Penney',NULL),(228,'Thanks','I give thanks in all circumstances, for this is YOUR will for me in Christ Jesus.','1 Thes 5:18',NULL,28,NULL,6,'We would worry less if we praised more. Thanksgiving is the enemy of discontent and dissatisfaction.',NULL),(229,'Scripture reading',NULL,'NT',NULL,29,NULL,6,'Read 1 Chapter in the NT',NULL),(230,'Warfare','Let the power of YOUR grace cover and empower my life to live fully alive in YOUR truth.',NULL,'May I not face tempation today and deliver me from the enemy that seeks to lie to me and get me to cooperate with the killing, stealing and destroying of everything good YOU desire to bring to my life.',30,NULL,6,'Put to death therefore what is earthly in me: sexual immorality, impurity, passion, evil desire, and covetousness, which is idolatry. All these sinful activities are the act of worshipping other idols of the flesh before YOU.',NULL),(231,'Armor On!','Cloth me with YOUR whole armor today including the Breastplate so that others may see YOUR Righteousness on me guarding my heart & emotions in JESUS\' name that I may have YOUR desires & reject all others that try to enter me, as i face the enemy head on in battle, stable, steady, holding ranks with YOU and Believers around me never breaking ranks to retreat.','Rom. 8:37','In all these things, we are more than conquerors through Him who loved us.',31,NULL,6,'This is the great business of life - to “put our mouths out of taste for those pleasures with which the tempter baits his hooks.” I know of no other way to triumph over sin long-term, than to gain a distaste for it, because of a superior satisfaction in God. John Piper',NULL),(232,'Journal','And the Lord answered me: “Write the vision; make it plain on tablets, so he may run who reads it.','Hab 2:2',NULL,32,NULL,6,'Journal what You said to me today:',NULL),(233,'Benidiction for my day','YOU will supply all my needs according to my Father\'s riches in glory by Christ Jesus. Now unto YOU my FATHER be glory for ever & ever. Amen.','Phil 4:19,20',NULL,33,NULL,6,NULL,NULL),(234,'Music with meaning.','There’s a new song saying, “Worthy are YOU to take the scroll and to open its seals, for YOU were slain, and by YOUR blood YOU ransomed me for God from every tribe and language and people and nation.','Revelation 5:9',NULL,34,NULL,6,'For heights & depth no words can reach, music is the souls own speach.','https://www.youtube.com/playlist?list=PLZdpE0NYhNb8oTRuuAgPt6OG0SuWcMZUK'),(235,'Pray for specific people.',NULL,NULL,'Customer user input will soon be available here.',35,NULL,6,'Who would you have me pray for right now? (fill names in below)',NULL),(236,'Forgivness','Forgive me of my sins in the exact same way I forgive those that have sinned against me.',NULL,NULL,36,NULL,6,NULL,NULL),(237,'My List',NULL,NULL,NULL,37,NULL,6,'This will be a list of people I am praying for.',NULL),(238,'Worship & Praise -YOUR Name',NULL,'Matthew 6:9',NULL,38,NULL,6,'I exalt & glorify YOUR holy Name:',NULL),(239,'Replace my way with YOUR way, I receive:',NULL,NULL,'Custom user input will soon be available here.',39,NULL,6,NULL,NULL),(240,'Personal Requests',NULL,NULL,NULL,40,NULL,6,'list burdens & concerns I am praying for:',NULL),(241,'Daily Attitude of my Heart - Sacrifice','Help me not neglect to do good and to share what I have, for such sacrifices are pleasing to YOU.','Hebrews 13:16',NULL,1,NULL,7,'I present myself as a living sacrifice, Help me life in the power of your grace today JESUS',NULL),(242,'Daily Attitude of my Heart - Focus','YOU said that if I want to be YOUR disciple, everyone else in my life must be a distant second by comparison -father, mother, spouse, children, siblings, even my own life. Otherwise, I cannot be YOUR disciple.','Luke 14:26',NULL,2,NULL,7,'There are many times when I must choose to do YOUR will over my own, knowing it may well temporarily not bring me happiness.',NULL),(243,'Daily Attitude of my Heart - Obey','I show YOU my sincere love by keeping YOUR commandments, and they are not a burden.','1 Jh 5:3',NULL,3,NULL,7,'I am an emotional creature & YOU are asking me to set aside my own emotional responses & trust YOU to handle my day as an act of my faith in YOU.',NULL),(244,'Daily Attitude of my Heart - Thoughts','Therefore, I will prepare my mind for action, keep sober in spirit and fix my hope completely on the grace to be brought to me at the revelation of Jesus Christ.','1 Peter 1:13','Take thoughts & feelings captive.',4,NULL,7,'Remember, I am not condemned for the original self-centered, negative, or bad thought when they first comes into my mind. It\'s what I choose to do with those thoughts that produces the sin or not.',NULL),(245,'My Father in Heaven','For I did not receive a spirit that makes me a slave again to fear, but I received the Spirit of adoption. And by way of JESUS I cry, “Abba, Father.” The SPIRIT himself testifies with my spirit that I am God’s child.','Rom 8:15,16',NULL,5,NULL,7,'My earthly and heavenly Father are the 2 most influential relationships in my life for better or worse.',NULL),(246,'I exalt & glorify YOUR holy Name','Think about His omniscience, He knows everything. God is the God of all knowledge. God inhabits eternity. God sees the beginning, the middle and the end. God sees it all at one time. God is all-knowing - He can\'t learn anything. God knows everything that\'s going to happen. Not a blade of grass moves but what He knows it. If you\'re saved, God knew that you would receive the Lord Jesus Christ. Nothing takes God by surprise. God never says, \"Ooops. I never thought of that.\" God is omniscient. I don\'t understand how He swung the stars in the night sky, scooped the oceans and heaped up the mountains or how HE runs this mighty universe. Romans 11:34 says, \"For who hath known the mind of the Lord? or who hath been His counsellor?\" We don\'t have to know all that our Father does for Him to be our Father.','1 Samuel 2:3; Romans 11:33-36; 1 Corinthians 1:18-31','Root of David - Revelation 22:16',6,NULL,7,'YOU are: El Deah\nGod of Knowledge',NULL),(247,'YOUR Nature','But YOU, O LORD, are enthroned forever; YOU are remembered throughout all generations.','Ps 102:12',NULL,7,NULL,7,'I worship because YOU are: Eternal',NULL),(248,'Scripture reading',NULL,'Psalms',NULL,8,NULL,7,'Read 1 Chapter in the Psalms',NULL),(249,'Yeild to YOU','YOUR Kingdom come & YOUR will be done on earth & in my life as quickly & completely as it is in Heaven.','Mat 6:10',NULL,9,NULL,7,NULL,NULL),(250,'Wait on YOU','Many are the plans in my heart, but it is YOUR purpose that prevails.','Proverbs 19:21',NULL,10,NULL,7,'I am waiting & consciously pausing so YOU can take the lead today.',NULL),(251,'Recognize my sin & idoltry','My wounds grow foul and fester Because of my folly. I am bent over and greatly bowed down; I go mourning all day long. For my loins are filled with burning, And there is no soundness in my flesh.','Psalm 38:5-8',NULL,11,NULL,7,'Today I want to uncover what I believe is the most insidious deception leading Christians into idolatry—even right now.',NULL),(252,'Recognize & replace','Put on: TRUST. I will cast all my anxiety on YOU because YOU care for me.','1Peter 5:7','Help me to understand that my sin hurts YOUR heart. Lead me to the godly sorrow that brings true repentance.',12,NULL,7,'Put off: WORRY and FEAR   YOU told me that I should not worry about my life, what I will eat or drink; or about my body, what I will wear. Is not life more than food, and the body more than clothes? YOU told me to look at the birds of the air; they do not sow or reap or store away in barns, and yet YOU feed them. Am I not much more valuable than them? Can I by worrying add a single hour to my life? And why do I worry about clothes? I see how the flowers of the field grow. They do not labor or spin. Yet YOU tell me that not even Solomon in all his splendor was dressed like one of them. If that is how YOU clothe the grass of the field, which is here today and tomorrow is thrown into the fire, will YOU not much more clothe me of little faith? So I should not worry, saying, ‘What shall I eat?’ or ‘What shall I drink?’ or ‘What shall I wear?’ For the pagans run after all these things, and YOU know that I need them. Mat 6:25-32',NULL),(253,'Repent','Let all the earth fear the Lord; let all the inhabitants of the world stand in awe of him!','Psalm 33:8 ESV','Godly sorrow or worldly sorrow',13,NULL,7,'If I conceal my sins I will not prosper, but if I confess and renounces them I will find mercy.  James 4:8',NULL),(254,'Release','“Look to Me, and be saved, All you ends of the earth! For I am God, and there is no other. I have sworn by Myself; The word has gone out of My mouth in righteousness, And shall not return, That to Me every knee shall bow, Every tongue shall take an oath. He shall say, ‘Surely in the LORD I have righteousness and strength. To Him men shall come, And all shall be ashamed Who are incensed against Him. 25 In the LORD all the descendants of Israel Shall be justified, and shall glory.\'”','Isaiah 45:22-25 NKJV',NULL,14,NULL,7,'I will be sure the jots & tittles are cleaned up in all my relationships including YOU, others & myself. Tear down the bricks the enemy has used to build walls to imprison me as I repent & turn in agreement with YOUR way.',NULL),(255,'Scripture reading',NULL,'Proverbs',NULL,15,NULL,7,'Read 1 Chapter in the Proverbs',NULL),(256,'Pray for One Another','1peter I lift up to YOU now the heavy burdens carried by:','1 John 1:7','Help me be in fellowship with others YOU have placed around me.',16,NULL,7,'If I walk in the light, as YOU are in the light, I will have fellowship with those around me.',NULL),(257,'Pray for salvation of others',NULL,NULL,'if we will confess and believe...Room. 10:9, 10',17,NULL,7,NULL,NULL),(258,'Spouse',NULL,'Eph 4:29',NULL,18,NULL,7,'Constructive Encouragement -Do not let any unwholesome talk come out of our mouths, but only what is helpful for building each other up according to our needs, that it may benefit those who listen.',NULL),(259,'Kids in my life (current or future).','For my children help them find YOUR ENDURENCE -Therefore, since we are surrounded by so great a cloud of witnesses, let us lay aside every weight, and sin which hangs on us, and let us run with endurance the race that is set before us, fixing our eyes on Jesus.','Heb 12:1, 2',NULL,19,NULL,7,'Help me see all the good in each one of the kids daily & encourage them accordingly by being their biggest cheerleader.',NULL),(260,'Pray for:','YOU are the Lord of the harvest, please send forth labourers into YOUR harvest.','Matthew 9:38','Vernon Smith, Wayne frost, OTAN, Gideon\'s, World Help',20,NULL,7,'missionaries',NULL),(261,'Scripture reading',NULL,'OT',NULL,21,NULL,7,'Read 1 Chapter in the OT',NULL),(262,'Personal -Blessings','I will call to YOU & YOU will answer me, & will tell me great & hidden things that I have not known.','Jer 33:3',NULL,22,NULL,7,'Give me today my daily bread, like the manna came daily with no worry for tomorrow.',NULL),(263,'Personal -specific issues','When I ask, I do not receive, if I ask with wrong motives, that I may spend what I get on my own pleasures.','James 4:3','I humble myself under YOUR mighty Hand & cast up to YOU these specific matters, becasue I know YOU care for me. 1 Pet 5:6-10',23,NULL,7,'The reality is, my prayers don\'t change God. But, I am convinced prayer changes me. Praying boldly boots me out of that stale place of religious habit into authentic connection with God Himself.',NULL),(264,'Personal -$$','I will not worry, saying, ‘What will I eat?’ or ‘What will I drink?’ or ‘What will I wear for clothing?’ For the world eagerly seeks all these things. My heavenly FATHER knows that I need all these things so I will focus on seeking first YOUR kingdom and YOUR righteousness, and all these things will be added to me as a result.','Matthew 6:25, 33',NULL,24,NULL,7,'To be clever enough to get all that money, one must be stupid enough to want it.',NULL),(265,'Personal -power of my words','If I keep under control my mouth and my tongue I will keep myself out of trouble.','Proverbs 21:23',NULL,25,NULL,7,'bind in heaven bind on Earth verse',NULL),(266,'Personal -Who am I?','Look at the birds of the air; they do not sow, reap or store away in barns, and yet YOU, my heavenly FATHER feeds them. Am I not much more valuable than they?','Matt 6:26','Remind me WHO I AM because of YOU JESUS:',26,NULL,7,'I am off great value, an object of affection to the Creator of the Universe!',NULL),(267,'My Life Purpose','JESUS prayed to the FATHER, I can do nothing on my own. As I hear, I judge, and my judgment is just, because I seek not my own will but YOUR will who sent me.','John 5:30','When shall I do it?',27,NULL,7,'168 hours each week. Time is the non-renewable currency of Heaven. Invest it wisely NOW! -jmac\nWhen I was a child I laughed and wept -time crept!\nWhen I was a youth I dreamed and talked -time walked!\nWhen I became full grown -time ran!\nThen with the years I older grew -time flew!\nSoon I shall find as I travel on -time gone!\n-Henry Twells',NULL),(268,'Thanks','I am afflicted in every way, but not crushed; perplexed, but not despairing; persecuted, but not forsaken; struck down, but not destroyed. (In the midst of the good & especially the bad, I have so much to be thankful for forever.)','2 Cor 4:8-9',NULL,28,NULL,7,'Thanks be to God, there is hope to-day; this very hour you can choose Him and serve Him.',NULL),(269,'Scripture reading',NULL,'NT',NULL,29,NULL,7,'Read 1 Chapter in the NT',NULL),(270,'Warfare','Help me be watchful for enemy threat.','James 4:7','May I not face tempation today and deliver me from the enemy that seeks to lie to me and get me to cooperate with the killing, stealing and destroying of everything good YOU desire to bring to my life.',30,NULL,7,'I will submit myself to YOU, resist the devil, and he will flee from me.',NULL),(271,'Armor On!','Cloth me with YOUR whole armor today as I remember that YOUR armor has no protection on the back, so I will face the enemy head on trusting YOU for victory, never turning in fear & running form what comes at me today! YOUR army is made to ONLY hold fast & move forward...I will go through that trial!! Lot\'s wife, turned back & became lifeless.','1 Cor. 15:57','But thanks be to God, who gives us the victory through our Lord Jesus Christ.',31,NULL,7,'If I profess with the loudest voice and clearest exposition every portion of the truth of God except precisely that little point which the world and the devil are at the moment attacking, I am not confessing Christ, however boldly I may be professing Christ. Where the battle rages, there the loyalty of the soldier is proved to be steady… [It] is mere flight and disgrace if he flinches at that point [of attack]. Martin Luther',NULL),(272,'Journal','Let this be recorded for a generation to come, so that a people yet to be created may praise the Lord:','Ps 102:18',NULL,32,NULL,7,'Journal what You said to me today:',NULL),(273,'Benidiction for my day','May YOU make me increase & abound in love for others, as I do for YOU, so that YOU may establish my heart blameless in holiness before my God & Father, at YOUR coming with all the saints.','1 Thes 3:12, 13',NULL,33,NULL,7,NULL,NULL),(274,'Music with meaning.','I will tell of YOUR name to my brethren; in the midst of the congregation I will sing YOUR praise.','Hebrews 2:12',NULL,34,NULL,7,'Music sticks in the mind and sinks into the heart.','https://www.youtube.com/playlist?list=PLZdpE0NYhNb8oTRuuAgPt6OG0SuWcMZUK'),(275,'Pray for specific people.',NULL,NULL,'Customer user input will soon be available here.',35,NULL,7,'Who would you have me pray for right now? (fill names in below)',NULL),(276,'Forgivness','I release all rights I have for bitterness & hurt against anyone that wronged me. I offer those hurts to YOU as a sacrifice of faith & praise for the forgiveness YOU offered me.',NULL,NULL,36,NULL,7,NULL,NULL),(277,'My List',NULL,NULL,NULL,37,NULL,7,'This will be a list of people I am praying for.',NULL),(278,'Worship & Praise -YOUR Name',NULL,'Matthew 6:9',NULL,38,NULL,7,'I exalt & glorify YOUR holy Name:',NULL),(279,'Replace my way with YOUR way, I receive:',NULL,NULL,'Custom user input will soon be available here.',39,NULL,7,NULL,NULL),(280,'Personal Requests',NULL,NULL,NULL,40,NULL,7,'list burdens & concerns I am praying for:',NULL),(281,'Daily Attitude of my Heart - Sacrifice','Greater love has no one than this, that someone lay down his life for his friends.','John 15:13',NULL,1,NULL,8,'I present myself as a living sacrifice, FATHER may your love flow to and through me.',NULL),(282,'Daily Attitude of my Heart - Focus','I really cannot be God\'s disciples unless I am willing to (not wanting to, not feeling like it, but just willing to) lay everything down everything (father, mother, wife, children, brethren, sisters, all material goods) even my very own life!','Luke 14:26',NULL,2,NULL,8,NULL,NULL),(283,'Daily Attitude of my Heart - Obey','For if I go on sinning deliberately after receiving the knowledge of the truth, there no longer remains a sacrifice for sins.','Hebrews 10:26',NULL,3,NULL,8,NULL,NULL),(284,'Daily Attitude of my Heart - Thoughts','For though I walk in the flesh, I do not war according to the flesh, for the weapons of my warfare are not of the flesh, but divinely powerful for the destruction of fortresses. I am destroying speculations & every lofty thing raised up against the knowledge of God, and I am taking every thought captive to the obedience of Christ.','2 Corinthians 10:3-5','Take thoughts & feelings captive.',4,NULL,8,'Whenever anything disagreeable or displeasing happens to you remember Christ crucified and be silent.',NULL),(285,'My Father in Heaven','Which of you, if his child asks for bread, will give them a stone? Or if they ask for a fish, will give them a snake? If you, though you are evil, know how to give good gifts to your children, how much more will your Father in heaven give good gifts to those who ask him!','Matt 7:9-11',NULL,5,NULL,8,'initiate me as your child.',NULL),(286,'I exalt & glorify YOUR holy Name','El Elyon speaks of the supremacy of God. He is above all. Now, what does El Elyon mean? The word means the strongest of the strong and the highest of the high. Hinduism and Pantheism speak of God as a part of the universe. But God is not a part of the universe. He is the transcendent God. He is above all. He is the Most High God. Jesus is our El Elyon. Colossians 1:16-17 says, \"For by Him were all things created, that are in heaven, and that are in earth, visible and invisible, whether they be thrones, or dominions, or principalities, or powers: all things were created by Him, and for Him: And He is before all things, and by Him all things consist.\" God is above all things. Jesus is our El Elyon.\n-derived from the Hebrew root for “go up” or “ascend,” so the implication is of that which is the very highest. El Elyon denotes exaltation and speaks of absolute right to lordship.','Genesis 14:18-20; Psalm 61:2; 92:1; Daniel 7:25, Deuteronomy 26:19','Consolation of Israel - Luke 2:25',6,NULL,8,'YOU are: EL ELYON [el-el-yohn]: “Most High\"',NULL),(287,'YOUR Nature','Every good gift & every perfect gift is from above, coming down from the Father of lights with whom there is no variation or shadow due to change.','Jam 1:17',NULL,7,NULL,8,'I worship because of YOUR: Goodness',NULL),(288,'Scripture reading',NULL,'Psalms',NULL,8,NULL,8,'Read 1 Chapter in the Psalms',NULL),(289,'Yeild to YOU','May YOUR Kingdom come which is my home and YOUR will be done on earth & in my life as quickly & completely as it is in Heaven.','Mat 6:10',NULL,9,NULL,8,'Guide me in a great adventure for YOUR glory today.',NULL),(290,'Wait on YOU','YOU are my rock & my salvation(deliverence); YOU are my defense; I shall not be greatly moved. My soul waits silently for YOU alone, for my expectation is from YOU.','Ps 62:2:',NULL,10,NULL,8,'I am waiting & consciously pausing so YOU can take the lead today.',NULL),(291,'Recognize my sin & idoltry','The sting of death is sin, and the power of sin is the law;','1 Corinthians 15:56',NULL,11,NULL,8,'(i think this needs something more tangible for today) To do that, I have to take you back to the story of the golden calf at Mount Sinai. If you remember, God had just saved Israel from Egypt through many powerful miracles and had led them through the wilderness to Mount Sinai. He spoke His commands to them, but they all shrank back and insisted that Moses go up the mountain to talk to God alone.',NULL),(292,'Recognize & replace','Put on: HUMILITY.  YOU oppose the proud but YOU show favor to the humble.','James 4:6','Create in me a clean heart, O God; and renew a right spirit within me.  Psalm 51:10',12,NULL,8,'Put off: PRIDE   YOU detest all the proud of heart and make sure they will not go unpunished. Pr 16:5',NULL),(293,'Repent','And he said to me, ‘Behold, the fear of the Lord, that is wisdom, and to turn away from evil is understanding.’”','Job 28:28 ESV','Forgive me of my offenses in the exact same way I forgive those that have offended me. Mat 6:12',13,NULL,8,'YOUR solid foundation stands firm, sealed with this inscription: “The Lord knows those who are his,” and, “Everyone who confesses the name of the Lord must turn away from wickedness.”  Psalm 25:11',NULL),(294,'Release','“Rain down, you heavens, from above, And let the skies pour down righteousness; Let the earth open, let them bring forth salvation, And let righteousness spring up together. I, the LORD, have created it.','Isaiah 45:8 NKJV',NULL,14,NULL,8,'For YOU take no pleasure in the death of anyone. I will repent and live!  Ezekiel 18:32',NULL),(295,'Scripture reading',NULL,'Proverbs',NULL,15,NULL,8,'Read 1 Chapter in the Proverbs',NULL),(296,'Pray for One Another',NULL,'Romans 15:14','Help me to give and receive instruction and counsel with others.',16,NULL,8,'Instruct one another.',NULL),(297,'Pray for salvation of others',NULL,NULL,'Repent of their sins and turn to God.',17,NULL,8,NULL,NULL),(298,'Spouse',NULL,'1 Cor 13:7, 8',NULL,18,NULL,8,'Endurance -Love bears all things, believes all things, hopes all things, endures all things. Love never ends.',NULL),(299,'Kids in my life (current or future).','For my children help them find YOUR FAITHFULNESS -Only fear the Lord and serve HIM faithfully with all your heart. For consider what great things HE has done for us.','1 Sam 12:24',NULL,19,NULL,8,'break any generational curses that have followed our family tree in the power and authority of the name and blood of JESUS!',NULL),(300,'Pray for:','For it is God’s will that by doing good you should silence the ignorant talk of foolish people.','1 Peter 2:15','come face to face and think...richard dawkins, Shelley Reed, CNP office folks',20,NULL,8,'unsaved agnostics & atheist',NULL),(301,'Scripture reading',NULL,'OT',NULL,21,NULL,8,'Read 1 Chapter in the OT',NULL),(302,'Personal -Blessings','I will bow down under YOUR strong hands; then when the time comes, YOU will lift me up. Since YOU care for me, please carry all my burdens & worries so I can experience the easy yoke & lite burden designed for me.','1 Peter 5:6',NULL,22,NULL,8,'Give me today my daily bread, like manna, sufficient for today with no worry for tomorrow.',NULL),(303,'Personal -specific issues','JESUS, YOU went away a second time and prayed, ‘My Father, if it is not possible for this cup to be taken away unless I drink it, may YOUR will be done.\". So may YOUR will FATHER be done also in my life today and in these requests I place before YOU.','Matthew 26:42','I would like to cast on YOU now the following issues that I personally need YOU to deal with in my day today: 1 Pet 5:6-10',23,NULL,8,'There are parts of our calling, works of the Holy Spirit, and defeats of the darkness that will come no other way than through furious, fervent, faith-filled, unceasing prayer.',NULL),(304,'Personal -$$','If I trust in my wealth it will fail, but focusing on righteousness will cause me to flourish as the green leaf.','Proverbs 11:28',NULL,24,NULL,8,'Most people fail to realize that money is both a test and trust from God.\" -Rick Warren',NULL),(305,'Personal -power of my words','My dear brothers and sisters, take note of this: Everyone should be quick to listen, slow to speak and slow to become angry.','James 1:19',NULL,25,NULL,8,'My mouth is like a loaded weapon. Help me to never point it at people thoughtlessly and fire away. jm',NULL),(306,'Personal -Who am I?','YOU delivered me from the domain of darkness & transferred me to the kingdom of YOUR beloved Son, in whom I have redemption, the forgiveness of sins.','Col 1:13, 14','Remind me WHO I AM because of YOU JESUS:',26,NULL,8,'I am forgiven',NULL),(307,'My Life Purpose','For YOU say, “In a favorable time I listened to you, and in a day of salvation I have helped you.” Behold, now is the favorable time; behold, now is the day of salvation.','2 Cor 6:2','How will I finish?',27,NULL,8,'An inheritance is what we leave for others. A legacy is what we leave in them.\nThe great use of one\'s life is to spend it on something that will outlast it. For the value of life is computed, not by its duration but by its donation. -William James',NULL),(308,'Thanks','Let YOUR peace rule in my heart, to which indeed you called me in one body, and I am thankful. Let YOUR word dwell in me richly, teaching & admonishing me in all wisdom, singing psalms, hymns & spiritual songs, with thankfulness in my heart to YOU. And whatever I do, in word or deed, I will do everything in YOUR name Lord Jesus, giving thanks to YOU, God my Father.','Col 3:15-17',NULL,28,NULL,8,'We ought to give thanks for all fortune: if it is good, because it is good, if bad, because it works in us patience, humility and the contempt of this world and the hope of our eternal country.',NULL),(309,'Scripture reading',NULL,'NT',NULL,29,NULL,8,'Read 1 Chapter in the NT',NULL),(310,'Warfare','I break all generational curses active or laying in wait in my life in JESUS name and by HIS authority.','1 Peter 1:13','May I not face tempation today and deliver me from the enemy that seeks to lie to me and get me to cooperate with the killing, stealing and destroying of everything good YOU desire to bring to my life.',30,NULL,8,'Therefore, preparing my mind for action, and being sober-minded, I will set my hope fully on the grace that will be brought to me at YOUR revelation Jesus Christ.',NULL),(311,'Armor On!','Cloth me with YOUR whole armor as I remember that the name of the Lord is a strong tower; The righteous runs to it and are safe, set on high [far above evil]. Pr. 18:10','Zech. 4:6','I will not see victory by my might or by my power, but by YOU alone SPIRIT.',31,NULL,8,NULL,NULL),(312,'Journal',NULL,NULL,NULL,32,NULL,8,'Journal what You said to me today:',NULL),(313,'Benidiction for my day','For whatever was written in former days was written for my instruction, that through endurance & through the encouragement of the Scriptures I might have hope. May YOUR endurance & encouragement grant me to live in such harmony with others, in accord with Christ Jesus, that we may with one voice glorify YOU God the Father and JESUS Christ. Therefore I will welcome others as YOU welcomed me, for YOUR glory.','Rom 15:4-7',NULL,33,NULL,8,NULL,NULL),(314,'Music with meaning.','The song of Moses, saying, “Great and amazing are YOUR deeds, O Lord God the Almighty! Just and true are YOUR ways, O King of the nations!','Revelation 15:3',NULL,34,NULL,8,NULL,'https://www.youtube.com/playlist?list=PLZdpE0NYhNb8oTRuuAgPt6OG0SuWcMZUK'),(315,'Pray for specific people.',NULL,NULL,'Customer user input will soon be available here.',35,NULL,8,'Who would you have me pray for right now? (fill names in below)',NULL),(316,'Forgivness','Forgive me of my sins in the EXACT SAME WAY I forgive those I feel have wronged me.',NULL,NULL,36,NULL,8,NULL,NULL),(317,'My List',NULL,NULL,NULL,37,NULL,8,'This will be a list of people I am praying for.',NULL),(318,'Worship & Praise -YOUR Name',NULL,'Matthew 6:9',NULL,38,NULL,8,'I exalt & glorify YOUR holy Name:',NULL),(319,'Replace my way with YOUR way, I receive:',NULL,NULL,'Custom user input will soon be available here.',39,NULL,8,NULL,NULL),(320,'Personal Requests',NULL,NULL,NULL,40,NULL,8,'list burdens & concerns I am praying for:',NULL),(321,'Daily Attitude of my Heart - Sacrifice','Help me do all things without grumbling or disputing, that I may be blameless and innocent, YOUR child without blemish in the midst of a crooked and twisted generation, among whom I shine as light in the world, holding fast to the word of life, so that in the day of Christ I may be proud that I did not run in vain or labor in vain. Even if I am to be poured out as a drink offering upon the sacrificial offering of others faith, I am glad and rejoice with you all.','Philippians 2:14-17',NULL,1,NULL,9,'I present myself as a living sacrifice, Spirit fill & use me today.',NULL),(322,'Daily Attitude of my Heart - Focus','I need to be focusing on bearing the weaknesses of those without physical, emotional or spiritual strength & not just pleasing myself.','Rom 15:1',NULL,2,NULL,9,'I don\'t have to \"feel\" willing in order to do this, I simply must be willing! (Big difference!)',NULL),(323,'Daily Attitude of my Heart - Obey','The people of Israel walked forty years in the wilderness, until the men of war who came out of Egypt, perished, because they did not obey the voice of the LORD; the LORD swore to them that he would not let them see the land that the LORD had sworn to their fathers to give to them, a land flowing with milk & honey.','Joshua 5:6',NULL,3,NULL,9,'I choose to obey YOUR direction in my live today & do things YOUR way.',NULL),(324,'Daily Attitude of my Heart - Thoughts','I am destroying ideas & every lofty thing raised up against the knowledge of God, & I am taking every thought captive to the obedience of Christ.','2 Corinthians 10-5','Take thoughts & feelings captive.',4,NULL,9,'If I don\'t stop and consciencely dispose of specifict negative thoughts but allow them to stir up self-centered feelings, then they will become sin.',NULL),(325,'My Father in Heaven','How great is the love the Father has lavished on me, that I should be called a child of God! And that is who I am!','1Jn 3:1',NULL,5,NULL,9,'Father me please!',NULL),(326,'I exalt & glorify YOUR holy Name','God never changes. Psalm 90:1-2 says, \"Lord, thou hast been our dwelling place in all generations. Before the mountains were brought forth, or ever thou hadst formed the earth and the world, even from everlasting to everlasting, thou art God.\" What a wonderful thing to know that in a changing world God does not change! Time does not alter God. Psalm 90:4 says, \"For a thousand years in thy sight are but as yesterday when it is past, and as a watch in the night.\" Well, what do all these verses mean? There are no surprises to God. As Corrie Ten Boom says, \"There\'s no panic in heaven.\" God knows the past and the future at the same time. Jesus is our El Olam. He is the King of the Ages. Hebrews 1:8 says, \"But unto the Son He saith, Thy throne, O God, is for ever and ever: a sceptre of righteousness is the sceptre of thy kingdom.\"','Genesis 3:22; 21:33; Psalm 90:1-2; 93:2; Isaiah 9:6; 26:4; 40:28',NULL,6,NULL,9,'YOU are: El Olam\nThe Everlasting God',NULL),(327,'YOUR Nature','Are not two sparrows sold for a penny? Not one of them will fall to the ground apart from YOU.','Mat 10:29',NULL,7,NULL,9,'I worship because YOU are: Sovereign',NULL),(328,'Scripture reading',NULL,'Psalms',NULL,8,NULL,9,'Read 1 Chapter in the Psalms',NULL),(329,'Yeild to YOU','YOUR Kingdom come, YOUR will be done on earth & in my life as it is in Heaven.','Mat 6:10',NULL,9,NULL,9,'There is no eternal point in my efforts unless YOU are doing the work. My best ideas are as filthy rags!',NULL),(330,'Wait on YOU','Therefore the Lord waits to be gracious to you, and therefore he exalts himself to show mercy to you. For the Lord is a God of justice; blessed are all those who wait for him.','Isaiah 30:18 ESV',NULL,10,NULL,9,'I am waiting & consciously pausing so YOU can take the lead today.',NULL),(331,'Recognize my sin & idoltry','YOU will hide YOUR face because of all the evil which men will do, for they will turn to other gods.','Deuteronomy 31:18',NULL,11,NULL,9,'While Moses is gone, the people lose patience. They go to Moses’s brother, Aaron, and demand that he make them gods to lead them into the Promised Land. Now, the word they used for “gods” is Elohim, which is used in the Old Testament to refer to both pagan gods and the true God, so we don’t really know who they are talking about yet.',NULL),(332,'Recognize & replace','Put on: PURE DESIRES.  YOUR word teaches me to say “No” to ungodliness and worldly passions, and to live a self-controlled, upright and godly life in this present age.','Titus 2:12','Move me with godly sorrow for what I have done that has hurt and betrayed YOU.',12,NULL,9,'Put off: LUST   Help me abstain from sinful desires, which wage war against my soul. 1 Pet 2:11',NULL),(333,'Repent','In the fear of the Lord one has strong confidence, and his children will have a refuge.','Proverbs 14:26 ESV','For if I forgive other people when they sin against me, YOU will also forgive me.  Matthew 6:14',13,NULL,9,'Cleanse my hands, for I am a sinner; and purify my heart, for I am double minded.',NULL),(334,'Release','For the mountains shall depart And the hills be removed, But My kindness shall not depart from you, Nor shall My covenant of peace be removed,” Says the LORD, who has mercy on you. “O you afflicted one, Tossed with tempest, and not comforted, Behold, I will lay your stones with colorful gems, And lay your foundations with sapphires. I will make your pinnacles of rubies, Your gates of crystal, And all your walls of precious stones. All your children shall be taught by the LORD, And great shall be the peace of your children. In righteousness you shall be established; You shall be far from oppression, for you shall not fear; And from terror, for it shall not come near you. Indeed they shall surely assemble, but not because of Me. Whoever assembles against you shall fall for your sake. “Behold, I have created the blacksmith Who blows the coals in the fire, Who brings forth an instrument for his work; And I have created the spoiler to destroy. No weapon formed against you shall prosper, And every tongue which rises against you in judgment You shall condemn. This is the heritage of the servants of the LORD, And their righteousness is from Me,” Says the LORD.','Isaiah 54:10-17 NKJV',NULL,14,NULL,9,'Therefore, since I am surrounded by so great a cloud of witnesses, I\'m dumping every weight, & sin which hangs on, & I run with endurance (pacing myself) the race that is set before me, looking to YOU Jesus (like Peter did walking on the water).  Heb 12:1, 2',NULL),(335,'Scripture reading',NULL,'Proverbs',NULL,15,NULL,9,'Read 1 Chapter in the Proverbs',NULL),(336,'Pray for One Another','For those on this list, nephish the best of God in creation, in the restored soul in Ps23 and Ezekiel\'s dry bones.','Colossians 3:16','May I share your wisdom with others.',16,NULL,9,'Let YOUR word dwell in me richly as I teach and admonish others with all wisdom.',NULL),(337,'Pray for salvation of others',NULL,NULL,'Seek the YOU while YOU may be found; call upon him while he is near; let the wicked forsake his way, and the unrighteous man his thoughts; let him return to the Lord , that he may have compassion on him, and to our God, for he will abundantly pardon. Isa 55:6,7',17,NULL,9,NULL,NULL),(338,'Spouse',NULL,'Pro 3:3, 4',NULL,18,NULL,9,'Faithfulness - Let love and faithfulness never leave us; bind them around our neck, write them on the tablet of our hearts. Then we will win favor and a good name in the sight of God and man.',NULL),(339,'Kids in my life (current or future).','For my children help them find YOUR Favor -For YOU bless the righteous, O Lord; you cover them with favor as with a shield.','Ps 5:12',NULL,19,NULL,9,'Help me to be an example of YOU to them to my last day.',NULL),(340,'Pray for:','Don\'t forsake your friend and your father\'s friend. Don\'t go to your brother\'s house in the day of your disaster: better is a neighbor who is near than a distant brother.','Pro 27:10','Dave, Diane and Steve, Cristy, Curt\'s, old ladies and nephew, golf cart guy.',20,NULL,9,'neighbors',NULL),(341,'Scripture reading',NULL,'OT',NULL,21,NULL,9,'Read 1 Chapter in the OT',NULL),(342,'Personal -Blessings','I will not be anxious about anything, but in everything, by prayer & petition, with thanksgiving, I will present my requests to YOU.','Phil 4:6:',NULL,22,NULL,9,'Give me today my daily bread like manna, all I need, with no worry for tomorrow.',NULL),(343,'Personal -specific issues','I do believe; help me overcome my unbelief!','Mark 9:24','I humble myself under YOUR mighty Hand & cast up to YOU these specific matters, becasue I know YOU care for me. 1 Pet 5:6-10',23,NULL,9,'I have been driven many times upon my knees by the overwhelming conviction that I had no where else to go. My own wisdom and that of all about me seemed insufficient for that day.',NULL),(344,'Personal -$$','The fear of the LORD (obedience to YOUR instructions) leads me to life; then I rest content, untouched by trouble.','Proverbs 19:23',NULL,24,NULL,9,NULL,NULL),(345,'Personal -power of my words','For by my words I will be justified, and by my words I will be condemned.',NULL,NULL,25,NULL,9,'If you had the cure to cancer wouldn’t you share it? … You have the cure to death … get out there and share it. Kirk Cameron',NULL),(346,'Personal -Who am I?','Because of the gifts I have given to assit in the spread of YOUR gospel, YOU will increase fruit to my credit. My giving is a fragrant offering, a sacrifice acceptable and pleasing to YOU and as a result, YOU will supply every need of mine according to YOUR riches in glory in Christ Jesus.','Phil 4:17-19','Remind me WHO I AM because of YOU JESUS:',26,NULL,9,'I am getting all my needs met.',NULL),(347,'My Life Purpose','Now to YOU who is able to keep me from stumbling and to present me blameless before the presence of YOUR glory with great joy, to the only God, my Savior, through Jesus Christ my Lord, be glory, majesty, dominion, and authority, before all time and now and forever.','Jud 1:24, 25','what are my governing values?',27,NULL,9,'http://amandadrover.blogspot.com/2011/03/law-2-your-governing-values-are.html\nhttp://amandadrover.blogspot.com/',NULL),(348,'Thanks','I give thanks always & for everything to God the Father in YOUR name Lord Jesus Christ, submitting to one another out of reverence for YOU.','Eph 5:20, 21',NULL,28,NULL,9,'Thanksgiving is the language of heaven, and we had better start to learn it if we are not to be mere dumb aliens there.',NULL),(349,'Scripture reading',NULL,'NT',NULL,29,NULL,9,'Read 1 Chapter in the NT',NULL),(350,'Warfare','Help me identify any demonic activity that is oppressing my life in JESUS name.','Philippians 4:6','May I not face tempation today and deliver me from the enemy that seeks to lie to me and get me to cooperate with the killing, stealing and destroying of everything good YOU desire to bring to my life.',30,NULL,9,'I should not be anxious about anything, but in everything by prayer and supplication with thanksgiving I will make my requests made known to YOU.',NULL),(351,'Armor On!','Cloth me with YOUR whole armor, so that I may be able to stand up against all the schemes, strategies and the deceits of the devil.','2 Thess. 3:3','YOU Lord are faithful and will strengthen me and protect me from the evil one.',31,NULL,9,NULL,NULL),(352,'Journal','“Thus says the Lord, the God of Israel: Write in a book all the words that I have spoken to you.','Jer 30:2',NULL,32,NULL,9,'Journal what You said to me today:',NULL),(353,'Benidiction for my day','Now God himself, my Father & my Lord Jesus Christ, direct my way unto YOU. Help me to increase & abound in love one toward another & toward all men, even as I do toward YOU; to the end YOU may stablish my heart unblameable in holiness before YOU, even my Father, at YOUR coming with YOUR saints.','I Thes 3:11-13',NULL,33,NULL,9,NULL,NULL),(354,'Music with meaning.','Greet one another in psalms, hymns and spiritual songs, singing and making melody in my heart to YOU.','Ephesians 5:19',NULL,34,NULL,9,'“I need to worship because without it I lose a sense of wonder and gratitude and plod through life with blinders on. I need worship because my natural tendency is toward self-reliance and stubborn independence.”—John Ortberg','https://www.youtube.com/playlist?list=PLZdpE0NYhNb8oTRuuAgPt6OG0SuWcMZUK'),(355,'Pray for specific people.',NULL,NULL,'Customer user input will soon be available here.',35,NULL,9,'Who would you have me pray for right now? (fill names in below)',NULL),(356,'Forgivness','Forgive me my sins in the exact same way & to the exact same extent as I forgive those that have offened me.',NULL,NULL,36,NULL,9,NULL,NULL),(357,'My List',NULL,NULL,NULL,37,NULL,9,'This will be a list of people I am praying for.',NULL),(358,'Worship & Praise -YOUR Name',NULL,'Matthew 6:9',NULL,38,NULL,9,'I exalt & glorify YOUR holy Name:',NULL),(359,'Replace my way with YOUR way, I receive:',NULL,NULL,'Custom user input will soon be available here.',39,NULL,9,NULL,NULL),(360,'Personal Requests',NULL,NULL,NULL,40,NULL,9,'list burdens & concerns I am praying for:',NULL),(361,'Daily Attitude of my Heart - Sacrifice','You yourselves like living stones are being built up as a spiritual house, to be a holy priesthood, to offer spiritual sacrifices acceptable to God through Jesus Christ.','1 Peter 2:5',NULL,1,NULL,10,'I present myself as a living sacrifice, Help me life in the power of your grace today JESUS',NULL),(362,'Daily Attitude of my Heart - Focus','May I not seek my own good, but that of my neighbor.','1 Corinthians 10:24',NULL,2,NULL,10,NULL,NULL),(363,'Daily Attitude of my Heart - Obey','If I am self-seeking and do not obey YOUR truth, but obey unrighteousness, there will be wrath and fury.','Romans 2:8',NULL,3,NULL,10,NULL,NULL),(364,'Daily Attitude of my Heart - Thoughts','I will not be conformed to this world, but I will be transformed by the renewing of my mind, so that I may prove YOUR good, acceptable & perfect will.','Romans 12:2','Take thoughts & feelings captive.',4,NULL,10,NULL,NULL),(365,'My Father in Heaven','Like the prodical son, sharpen my senses so if I fail I will always head back to YOU Heavenly Father.','Lk 15:17',NULL,5,NULL,10,'teach me to live in the perfect father child relationship with you.',NULL),(366,'I exalt & glorify YOUR holy Name','El Roi was first revealed in the Bible by Hagar. She was Sarah\'s handmaiden, who became pregnant with Abraham\'s child so, in their minds, they could fulfill the promise of God. Soon after the child was conceived, things became very difficult between Sarah and her. So much so, that Hagar fled out into the wilderness. Friendless, homeless, pregnant, not knowing what would become of her, she laid down by a fountain in the wilderness. There, an angel appeared to her to give her comfort and to speak of God\'s grace and mercy. Genesis 16:13 says: \"And she called the name of the LORD that spake unto her, Thou God seest me: for she said, Have I also here looked after him that seeth me?\" Did you know that God sees you right now? God knows your very thoughts. His eye is on the sparrow and I know He watches me.\n\nThe name ascribed to God by Hagar, alone and desperate in the wilderness after being driven out by Sarah (Genesis 16:1-14). When Hagar met the Angel of the Lord, she realized she had seen God Himself in a theophany. She also realized that El Roi saw her in her distress and testified that He is a God who lives and sees all.','Genesis 16:13; Genesis 16:1-16; Psalm 33:18-19',NULL,6,NULL,10,'YOU are: EL ROI [el-roh-ee]: \"God of Seeing\"',NULL),(367,'YOUR Nature','For YOU said to Moses, \"I will have mercy on whom I have mercy, & I will have compassion on whom I have compassion.\" Please choose to have mercy and compassion on me!','Rom 9:15',NULL,7,NULL,10,'I worship because YOU are: Merciful',NULL),(368,'Scripture reading',NULL,'Psalms',NULL,8,NULL,10,'Read 1 Chapter in the Psalms',NULL),(369,'Yeild to YOU','YOUR Kingdom come (act of waiting & longing for my real home), YOUR will, (timing & desire) be done on earth & in my life as it is in Heaven.','Mat 6:10',NULL,9,NULL,10,'Am I pushing forward in my life on my own or letting YOU take the lead and set the pace?',NULL),(370,'Wait on YOU','YOU are the everlasting God, the Creator of the ends of the earth. YOU do not faint or grow weary; YOUR understanding is unsearchable. YOU give power to me when I am faint, & when I have no might YOU increase my strength. Even youths shall faint & be weary, & young men shall fall exhausted; but if I wait for YOU, YOU will renew my strength; I shall mount up with wings like eagles; I will run & not be weary; I will walk & not faint.','Isaiah 40:28-31',NULL,10,NULL,10,'I am waiting & consciously pausing so YOU can take the lead today.',NULL),(371,'Recognize my sin & idoltry','For even though they knew God, they did not honor Him as God or give thanks, but they became futile in their speculations, and their foolish heart was darkened. Professing to be wise, they became fools, and exchanged the glory of the incorruptible God for an image in the form of corruptible man and of birds and four-footed animals and crawling creatures.','Romans 1:21-32',NULL,11,NULL,10,'Aaron bows to their demands, fashioning for them a golden statue of a calf, and they say, “This is your god, O Israel, who brought you up from the land of Egypt” (Exodus 32:4). We still don’t know which God they’re talking about, but Aaron makes it clear right away.',NULL),(372,'Recognize & replace','Put on: NOT EASILY PROVOKED.  A person’s wisdom yields patience; it is to one’s glory to overlook an offense. \nPs 119 Love the Sccripture, not easily offended.','Proverbs 19:11','Help me feel what hurts YOUR heart more than feeling bad for the consequences of my sin on myself.',12,NULL,10,'Put off: EASILY IRRITATED   Love does not dishonor others, it is not self-seeking, it is not easily angered, it keeps no record of wrongs. 1 Cor 13:5',NULL),(373,'Repent','The fear of the Lord is a fountain of life, that I may turn away from the snares of death.','Proverbs 14:27 ESV','Then Peter came to Jesus and asked, “Lord, how many times shall I forgive my brother or sister who sins against me? Up to seven times?” Jesus answered, “I tell you, not seven times, but seventy-seven times.  Matthew 18:21-22',13,NULL,10,'I choose by my free will to turn from any disobedience You have shown me.',NULL),(374,'Release','Good people pass away; the godly often die before their time. But no one seems to care or wonder why. No one seems to understand that God is protecting them from the evil to come. For those who follow godly paths will rest in peace when they die.','Isaiah 57:1-2 NLT',NULL,14,NULL,10,'I will fall like a just man seven times (over & over), & I will rise up again.  Pro 24:16a',NULL),(375,'Scripture reading',NULL,'Proverbs',NULL,15,NULL,10,'Read 1 Chapter in the Proverbs',NULL),(376,'Pray for One Another','1 Samuel 23 Moreover, as for me, far be it from me that I should sin against the LORD by ceasing to pray for you, and I will instruct you in the good and the right way.  24Only fear the LORD and serve him faithfully with all your heart. For consider what great things he has done for you.  25But if you still do wickedly, you shall be swept away, both you and your king.','Hebrews 10:25','Help me be encouraging to others through fellowship with others.',16,NULL,10,'Let us not give up meeting together, as some are in the habit of doing, but let us encourage one another.',NULL),(377,'Pray for salvation of others','YOU desire all people to be saved & to come to the knowledge of the truth.','1 Tim 2:4',NULL,17,NULL,10,NULL,NULL),(378,'Spouse',NULL,'Ps 90:17',NULL,18,NULL,10,'Favor -May YOUR favor rest on us, establish the work of our hands.',NULL),(379,'Kids in my life (current or future).','For my children help them find YOUR FORGIVNESS -If we confess our sins, YOU are faithful and just and will forgive us our sins and purify us from all unrighteousness.','1 Jh 1:9',NULL,19,NULL,10,'For all the kids, may they love YOU intimately & serve YOU faithfully all the days of their lives. Help me to be an example of YOU to them. Provide for each a godly spouse that draws them up closer to YOU. Help me see all the good in each one daily & encourage them accordingly being their biggest cheerleader. Thanks for the miscarried that are in Heaven looking forward to us all being together in eternity.',NULL),(380,'Pray for:','Honor your father and mother - which is the first commandment with a promise - so that it may go well with you and that you may enjoy long life on the earth(this does not just speak of the years of your life but the life of your years).','Eph 6:2-3','goughs, obeys, scovils, Thatcher, Fariss',20,NULL,10,'parents',NULL),(381,'Scripture reading',NULL,'OT',NULL,21,NULL,10,'Read 1 Chapter in the OT',NULL),(382,'Personal -Blessings','And whatever I ask in prayer, I will receive, if I have faith.','Matthew 21:22',NULL,22,NULL,10,'Give me today my daily bread.',NULL),(383,'Personal -specific issues','If I confess my sins to others and pray for them, then I may be healed. The prayer of a righteous man is powerful and effective.','James 5:16','I would like to cast on YOU now the following issues that I personally need YOU to deal with in my day today: 1 Pet 5:6-10',23,NULL,10,'humility leads',NULL),(384,'Personal -$$','Will man rob God? Yet you are robbing me. But you say, ‘How have we robbed you?’ In your tithes and contributions. You are cursed with a curse, for you are robbing me, the whole nation of you. Bring the full tithe into the storehouse, that there may be food in my house. And thereby put me to the test, says the Lord of hosts, if I will not open the windows of heaven for you and pour down for you a blessing until there is no more need. I will rebuke the devourer for you, so that it will not destroy the fruits of your soil, and your vine in the field shall not fail to bear, says the Lord of hosts. Then all nations will call you blessed, for you will be a land of delight, says the Lord of hosts.','Malachi 3:8-12',NULL,24,NULL,10,'Money exerts a certain control over us because it seems to hold out so much (false) promise of happiness. It whispers with great force, \"Think and act so as to get into a position to enjoy my benefits.\" This may include stealing, borrowing, or working. Money promises happiness, and we serve it by believing the promise and walking by that faith.\". -John Piper',NULL),(385,'Personal -power of my words','We all stumble in many ways. Anyone who is never at fault in what they say is perfect, able to keep their whole body in check.','James 3:2','Let no corrupting talk come out of your mouths, but only such as is good for building up, as fits the occasion, that it may give grace to those who hear. Eph. 4:29',25,NULL,10,'If he have faith, the believer cannot be restrained. He betrays himself. He breaks out. He confesses and teaches this gospel to the people at the risk of life itself. Martin Luther',NULL),(386,'Personal -Who am I?','Therefore, since I have been justified by faith, I have peace with YOU through my Lord Jesus Christ.','Rom 5:1','Remind me WHO I AM because of YOU JESUS:',26,NULL,10,'I am justified',NULL),(387,'My Life Purpose','And I know that if I love (obey) YOU, all things will work together for my good,  YOU have called me according to YOUR purpose. I must listen to your calling and obey, and if I do then all things will work together for my good.','Romans 8:28','What is my life vision/missions statement?',27,NULL,10,'user needs to write their here.',NULL),(388,'Thanks','I give thanks to YOU, for YOU are good, for YOUR steadfast love endures forever! Let those YOU redeemed say so, whom YOU have redeemed from trouble.','Ps 107:1',NULL,28,NULL,10,NULL,NULL),(389,'Scripture reading',NULL,'NT',NULL,29,NULL,10,'Read 1 Chapter in the NT',NULL),(390,'Warfare','Show me any enemy strongholds(sould wounds+lies) that are in my life and cast them down to utter destruction in JESUS name.','2 Timothy 1:12','May I not face tempation today and deliver me from the enemy that seeks to lie to me and get me to cooperate with the killing, stealing and destroying of everything good YOU desire to bring to my life.',30,NULL,10,'I am not ashamed, for I know whom I have believed, and I am convinced that YOU are able to guard until that Day what has been entrusted to me.',NULL),(391,'Armor On!','Today I choose to put on the complete armor of God, so that I will be able to successfully resist and stand my ground against any enemy advance today, and having done everything that today demands, to stand firm in place, fully prepared, immovable (my shield interlocked with those of the support network around me), victorious!','Luke 10:19','YOU have given me authority to tread on serpents and scorpions, and over all the power of the enemy, and nothing shall hurt me.',31,NULL,10,'Put on the armor of God.',NULL),(392,'Journal',NULL,NULL,NULL,32,NULL,10,'Journal what You said to me today:',NULL),(393,'Benidiction for my day','And let YOUR peace rule in my heart, to which indeed I was called in one body & I am thankful. Let YOUR word dwell in me richly, teaching & admonishing others in all wisdom, singing psalms, hymns & spiritual songs, with thankfulness in my heart to YOU. And whatever I do, in word or deed, I will do everything in YOUR name Lord Jesus, giving thanks to God the FATHER through YOU.','Col 3:15-17',NULL,33,NULL,10,NULL,NULL),(394,'Music with meaning.','Sing to YOU, sing praises to YOU; I will tell of all YOUR wondrous works!','Psalm 105:2',NULL,34,NULL,10,NULL,'https://www.youtube.com/playlist?list=PLZdpE0NYhNb8oTRuuAgPt6OG0SuWcMZUK'),(395,'Pray for specific people.',NULL,NULL,'Customer user input will soon be available here.',35,NULL,10,'Who would you have me pray for right now? (fill names in below)',NULL),(396,'Forgivness','Forgive my sins in the same way & to the same degree as I forgive those that I feel have wronged and hurt me.',NULL,NULL,36,NULL,10,NULL,NULL),(397,'My List',NULL,NULL,NULL,37,NULL,10,'This will be a list of people I am praying for.',NULL),(398,'Worship & Praise -YOUR Name',NULL,'Matthew 6:9',NULL,38,NULL,10,'I exalt & glorify YOUR holy Name:',NULL),(399,'Replace my way with YOUR way, I receive:',NULL,NULL,'Custom user input will soon be available here.',39,NULL,10,NULL,NULL),(400,'Personal Requests',NULL,NULL,NULL,40,NULL,10,'list burdens & concerns I am praying for:',NULL),(401,'Daily Attitude of my Heart - Sacrifice','If I follow JESUS, I must deny myself and take up my cross daily and follow YOU in a conscience and intentional way.','Luke 9:23',NULL,1,NULL,11,'I present myself as a living sacrifice, FATHER may your love flow to and through me.',NULL),(402,'Daily Attitude of my Heart - Focus','I have been crucified with YOU; & it is no longer I who live, but YOU live in me; & the life which I now live in the flesh I live by faith in YOUR Son, who loved me & gave Himself up for me.','Galatians 2:20',NULL,2,NULL,11,NULL,NULL),(403,'Daily Attitude of my Heart - Obey','Why would I call YOU ‘Lord, Lord,’ and not do what YOU said? As my Lord, I choose to obey YOU today.','Luke 6:46',NULL,3,NULL,11,'I will agree with YOUR truth and take action on that today.',NULL),(404,'Daily Attitude of my Heart - Thoughts','The god of this world has blinded the minds of the unbelieving so that they might not see the light of the gospel of the glory of Christ, who is the image of God.','2 Corinthians 4:4','Take thoughts & feelings captive.',4,NULL,11,'So, it\'s imperative that we have \"on\" a godly attitude each day. If we are cleansed & prepared vessels, then we will be ready & available for whatever it is that YOU might call me to do next.',NULL),(405,'My Father in Heaven','And call no man your father on earth, for you have one Father, who is in heaven.','Matthew 23:9 ESV',NULL,5,NULL,11,'Thank YOU for adopting me into YOUR forever family because of my faith in JESUS.',NULL),(406,'I exalt & glorify YOUR holy Name','The name El Shaddai appears seven times in the Word of God. As I read the newspapers, I can go back to the Book of Genesis and see that immutable, unbreakable promise that God made to father Abraham. Genesis 17:1-2 says, \"And when Abram was ninety years old and nine, the LORD appeared to Abram, and said unto him, I am the Almighty God; walk before Me, and be thou perfect. And I will make My covenant between Me and thee, and will multiply thee exceedingly.\" This promise has changed the world. Every Jew upon the face of the earth is a living testimony of the faithfulness of Almighty God. And this God who keeps His promise to Abraham is the same God that keeps His promises to you and I through Jesus Christ.','Genesis 17:1-19, 28:3; 35:11; 43:14; 48:3; Exodus 6:2-3; Ruth 1:20; Job 5:17; Ezekiel 10:5; Psalm 91:1, Genesis 49:24; Psalm 132:2,5',NULL,6,NULL,11,'YOU are: EL SHADDAI [el-shah-dahy]: “God Almighty,” “The Mighty One of Jacob” – speaks to God’s ultimate power over all. All Sufficient ONE, God of the mountains, the Mighty One of Jacob.',NULL),(407,'YOUR Nature','For it is better to suffer for doing good, if that should be YOUR will, than for doing evil.','1 Peter 3:17',NULL,7,NULL,11,'I worship because YOU are: Sovreign',NULL),(408,'Scripture reading',NULL,'Psalms',NULL,8,NULL,11,'Read 1 Chapter in the Psalms',NULL),(409,'Yeild to YOU','YOUR Kingdom come, YOUR will be done on earth & in my life as quickly & completely as it is in Heaven.','Mat 6:10',NULL,9,NULL,11,'Show me where YOU are at work today and bless me to join YOU there.',NULL),(410,'Wait on YOU','YOU keep me in perfect peace because my mind is stayed on YOU, because I trust in YOU.',NULL,NULL,10,NULL,11,'I am waiting & consciously pausing so YOU can take the lead today.',NULL),(411,'Recognize my sin & idoltry','For YOU said, \"Truly, truly, I say to you, everyone who commits sin is the slave of sin.','John 8:34',NULL,11,NULL,11,'He says, “Tomorrow shall be a feast to the Lord” (Exodus 32:5). Now when it says, “Lord,” what’s written there is the name “Yahweh,” the name of God. Now we know who they are talking about.',NULL),(412,'Recognize & replace','Put on: KINDNESS.  Therefore, YOU have chosen me, holy and dearly loved, clothed me with compassion, kindness, humility, gentleness and patience.','Col 3:12','Train my heart to break with what breaks YOUR heart.',12,NULL,11,'Put off: CRITICAL SPIRIT   If I bite and devour others, I should watch out or I will be destroyed by others. Gal 5:15',NULL),(413,'Repent','The friendship of the Lord is for those who fear him, and he makes known to them his covenant.','Psalm 25:14 ESV','YOU will cleanse me from all the sins that I have committed against YOU & forgive all my sins of rebellion against YOU.  Jeremiah 33:8',13,NULL,11,'I choose by my free will to change my mind about anything You have shown me and change my behavior accordingly.',NULL),(414,'Release','Is this not the fast that I have chosen: To loose the bonds of wickedness, To undo the heavy burdens, To let the oppressed go free, And that you break every yoke? Is it not to share your bread with the hungry, And that you bring to your house the poor who are cast out; When you see the naked, that you cover him, And not hide yourself from your own flesh? Then your light shall break forth like the morning, Your healing shall spring forth speedily, And your righteousness shall go before you; The glory of the LORD shall be your rear guard. Then you shall call, and the LORD will answer; You shall cry, and He will say, ‘Here I am.’ “If you take away the yoke from your midst, The pointing of the finger, and speaking wickedness, If you extend your soul to the hungry And satisfy the afflicted soul, Then your light shall dawn in the darkness, And your darkness shall be as the noonday. The LORD will guide you continually, And satisfy your soul in drought, And strengthen your bones; You shall be like a watered garden, And like a spring of water, whose waters do not fail.','Isaiah 58:6-11 NKJV',NULL,14,NULL,11,'YOU tell me to come to YOU in the midst of my labor & heavy burden & YOU will give me rest. So I choose to take YOUR yoke upon me & learn from YOU,  because YOU are gentle & lowly in heart & I will find rest for my soul. YOUR yoke is easy, & burden is light when I choose to let YOU carry my heavy burdens.  Mat 11:28-30',NULL),(415,'Scripture reading',NULL,'Proverbs',NULL,15,NULL,11,'Read 1 Chapter in the Proverbs',NULL),(416,'Pray for One Another','First of all, then, I urge that supplications, prayers, intercessions, and thanksgivings be made for all people, for kings and all who are in high positions, that we may lead a peaceful and quiet life, godly and dignified in every way. This is good, and it is pleasing in the sight of God our Savior, who desires all people to be saved and to come to the knowledge of the truth.','1 Timothy 2:1‭-‬4 ESV','I choose to get along with others.',16,NULL,11,'Live in harmony with one another.Romans 12:16',NULL),(417,'Pray for salvation of others',NULL,NULL,'work out your own salvation with fear and trembling.',17,NULL,11,NULL,NULL),(418,'Spouse',NULL,'Eph 4:32',NULL,18,NULL,11,'Forgiveness - Let us be kind to one another, tenderhearted, forgiving one another, as God in Christ forgave us.',NULL),(419,'Kids in my life (current or future).','For my children help them find YOUR FRUITFULNESS -The fruit of the SPIRIT is love, joy, peace, patience, kindness, goodness, faithfulness, gentleness and self-control.','Gal. 5:22, 23',NULL,19,NULL,11,'Thanks for any miscarried kids that are in Heaven looking forward to us all being together in eternity once again.',NULL),(420,'Pray for:','The prayer of a righteous person is powerful and effective.','James 5:16','john mills, dalton scovil, Lyle, Eric Johnson, Rick Dickenson, the older 2 trbc deacons, Chris Adsit, Tom Obey, Vernon Smith, David Bean, Gordy Harper, David Cole',20,NULL,11,'godly people in our lives',NULL),(421,'Scripture reading',NULL,'OT',NULL,21,NULL,11,'Read 1 Chapter in the OT',NULL),(422,'Personal -Blessings','If I lack wisdom, I will ask from YOU, who gives generously to all without reproach, and it will be given to me.','James 1:5',NULL,22,NULL,11,'Give me today my daily bread, like the manna came daily with no worry for tomorrow.',NULL),(423,'Personal -specific issues','Effective, fervent prayer avails much.',NULL,'I humble myself under YOUR mighty Hand & cast up to YOU these specific matters, becasue I know YOU care for me. 1 Pet 5:6-11',23,NULL,11,'“The people who really rule the world are those who know how to pray.” ― Derek Prince, Secrets of a Prayer Warrior',NULL),(424,'Personal -$$','Keep my life free from love of money, and be content with what I have, for YOU have said, YOU will never leave me nor forsake me. So I can confidently say, “The Lord is my helper; I will not fear; what can man do to me? ‭‭','Hebrews‬ ‭13:5-6‬',NULL,24,NULL,11,'Since my money is God\'s money, every spending decision I make is a spiritual decision.',NULL),(425,'Personal -power of my words','The good person out of the good treasure of his heart produces good, and the evil person out of his evil treasure produces evil, for out of the abundance of the heart his mouth speaks.','Luke 6:45',NULL,25,NULL,11,'Kind words do not cost much. Yet they accomplish much. Blaise Pascal',NULL),(426,'Personal -Who am I?','YOU will commit YOUR angels concerning me to guard me in all my ways.','Ps 91:11','Remind me WHO I AM because of YOU JESUS:',26,NULL,11,'I am kept in safety wherever I go',NULL),(427,'My Life Purpose','YOU have made everything for its purpose, even the wicked for the day of trouble.','Proverbs 16:4',NULL,27,NULL,11,'God is, God is near, God is love, Longing to communicate HIMself to me. God the Almighty One Who worketh all in all, Is even now waiting to work in me, and make HIMself known. -Andrew Murray',NULL),(428,'Thanks','Rejoice always, pray without ceasing, give thanks in all circumstances; for this is YOUR will for me.','1 Thes 5:16-18',NULL,28,NULL,11,NULL,NULL),(429,'Scripture reading',NULL,'NT',NULL,29,NULL,11,'Read 1 Chapter in the NT',NULL),(430,'Warfare','In the name of JESUS show me if I have opened the door for curses to be active on my life from past sinful behavior or patricipation in something of which I am unaware.','Ephesians 5:11','May I not face tempation today and deliver me from the enemy that seeks to lie to me and get me to cooperate with the killing, stealing and destroying of everything good YOU desire to bring to my life.',30,NULL,11,'I will take no part in the unfruitful works of darkness, but instead expose them.',NULL),(431,'Armor On!','Cloth me with YOUR whole armor today including my feet with the agile readiness that comes from the Gospel of Peace so I can stand firm against attack, move quickly to gain ground & spread truth wherever I go. Maneuver in battle or die. \"I\'m up, they see me, I\'m down.\"','John 10:10','The thief comes only to steal and kill and destroy. I came that they may have life and have it abundantly.',31,NULL,11,'Put on the armor of God.',NULL),(432,'Journal','And he who was seated on the throne said, “Behold, I am making all things new.” Also he said, “Write this down, for these words are trustworthy and true.”','Rev 21:1-27',NULL,32,NULL,11,'Journal what You said to me today:',NULL),(433,'Benidiction for my day','In all these things I am more than a conqueror through YOU who loves me. For I am sure that neither death nor life, nor angels nor rulers, nor things present nor things to come, nor powers, nor height nor depth, nor anything else in all creation, will be able to separate me from YOUR love in Christ Jesus my Lord. Score, in JESUS I win!!','Rom 8:37-39',NULL,33,NULL,11,NULL,NULL),(434,'Music with meaning.','A Psalm for giving thanks. Make a joyful noise to YOU, all earth! Serve YOU with gladness! Come to YOUR presence with singing!','Psalm 100:1-2',NULL,34,NULL,11,'Music has the power to communicate messages and emotions that words cannot effectively capture.','https://www.youtube.com/playlist?list=PLZdpE0NYhNb8oTRuuAgPt6OG0SuWcMZUK'),(435,'Pray for specific people.',NULL,NULL,'Customer user input will soon be available here.',35,NULL,11,'Who would you have me pray for right now? (fill names in below)',NULL),(436,'Forgivness','Forgive me of my sins in the exact same way I forgive those that have sinned against me.',NULL,NULL,36,NULL,11,NULL,NULL),(437,'My List',NULL,NULL,NULL,37,NULL,11,'This will be a list of people I am praying for.',NULL),(438,'Worship & Praise -YOUR Name',NULL,'Matthew 6:9',NULL,38,NULL,11,'I exalt & glorify YOUR holy Name:',NULL),(439,'Replace my way with YOUR way, I receive:',NULL,NULL,'Custom user input will soon be available here.',39,NULL,11,NULL,NULL),(440,'Personal Requests',NULL,NULL,NULL,40,NULL,11,'list burdens & concerns I am praying for:',NULL),(441,'Daily Attitude of my Heart - Sacrifice','If I try to save my life I will lose it, but if I lose my life for YOUR sake I will find it. For what will it profit me if I gain the whole world and forfeit my soul? Or what shall I give in return for my soul?','Matthew 16:25-26',NULL,1,NULL,12,'I present myself as a living sacrifice, Spirit fill & use me today.',NULL),(442,'Daily Attitude of my Heart - Focus','I will walk by the Spirit & I will not carry out the desire of my flesh.','Galatians 5:16',NULL,2,NULL,12,'Denying myself concerns my \"inner man\", setting aside my thoughts, emotions, & desires, so YOU can fill me with YOUR life.',NULL),(443,'Daily Attitude of my Heart - Obey','I love YOU my Lord and God with all my heart, soul and mind. This is the great and first commandment, and the second is like it: I shall love my neighbor as myself.','Matthew 22:37-39',NULL,3,NULL,12,'My answer is YES, now what is it YOU want me to do today? My blank check. Eric Johnson',NULL),(444,'Daily Attitude of my Heart - Thoughts','I will set my mind on the things above, not on the things that are on earth.','Colossians 3:2','Take thoughts & feelings captive.',4,NULL,12,'This is the first line of defence in fleeing temptation.',NULL),(445,'My Father in Heaven',NULL,'Matt 18:12-14',NULL,5,NULL,12,'YOU are the father that never fails me.',NULL),(446,'I exalt & glorify YOUR holy Name',NULL,'Is. 9:6','The name describing the Messiah, Christ Jesus, in this prophetic portion of Isaiah. As a powerful and mighty warrior, the Messiah, the Mighty God, will accomplish the destruction of God’s enemies and rule with a rod of iron (Revelation 19:15).',6,NULL,12,NULL,NULL),(447,'YOUR Nature','Because I hold fast to YOU in love, YOU will deliver me; YOU will protect me, because YOU know my name. When I call to YOU, YOU will answer me; YOU will be with me in trouble; YOU will rescue me & honor me. With long life YOU will satisfy me & show me YOUR salvation.','Ps 91:14-16',NULL,7,NULL,12,'I worship because YOU are: Constantly caring',NULL),(448,'Scripture reading',NULL,'Psalms',NULL,8,NULL,12,'Read 1 Chapter in the Psalms',NULL),(449,'Yeild to YOU','May YOUR Kingdom come which is my home and YOUR will be done on earth & in my life as quickly & completely as it is in Heaven.','Mat 6:10',NULL,9,NULL,12,'Lead me to YOUR best for me today.',NULL),(450,'Wait on YOU','YOU have instructed that in returning (repentence??) and rest I shall be saved; in quietness and in trust shall be my strength. Lord, I am willing!','‭‭Isaiah‬ ‭30:15‬ ‭ESV‬‬',NULL,10,NULL,12,'I am waiting & consciously pausing so YOU can take the lead today.',NULL),(451,'Recognize my sin & idoltry','Then I will cry out to YOU,== but YOU will not answer. Instead, YOU will hide YOUR face from me at that time if I have practiced evil deeds.','Micah 3:4',NULL,11,NULL,12,'Here’s what’s going on: They are declaring, “Yahweh is our God. Yahweh saved us from Egypt. Yahweh is our Lord,” yet they are worshiping an idol. We must see this warning, because if they could have all the right declarations while still worshiping an idol, we can too.',NULL),(452,'Recognize & replace','Put on: RESPONSIBILITY.  If I can be trusted with very little I can also be trusted with much, and if I am dishonest with very little I am also dishonest with much.','Luke 16:10','Test me, Lord, and try me, examine my heart and my mind.  Psalm 26:2',12,NULL,12,'Put off: IRRESPONSIBILITY   If I have not been trustworthy with someone else’s property, who will give me property of my own? Lk 16:12',NULL),(453,'Repent','Teach me your way, O Lord, that I may walk in YOUR truth; unite my heart to fear YOUR name.','Psalm 86:11 ESV','Now I beg YOU, forgive my sin and come back with me, so that I may worship YOU.  1 Samuel 15:25',13,NULL,12,'John bevere take on repentance.Repentance means changing my mind so deeply that it changes our personality from the core of my being. When I turn to Christ, He makes me brand new, giving me the grace to live like Him.',NULL),(454,'Release','Yet the righteous will hold to his way, And he who has clean hands will be stronger and stronger.','Job 17:9 NKJV',NULL,14,NULL,12,'YOU will forgive my iniquity, & YOU will remember my sin no more.  Jer 31:34',NULL),(455,'Scripture reading',NULL,'Proverbs',NULL,15,NULL,12,'Read 1 Chapter in the Proverbs',NULL),(456,'Pray for One Another','We ought always to give thanks to God for you, brothers, as is right, because your faith is growing abundantly, and the love of every one of you for one another is increasing. Therefore we ourselves boast about you in the churches of God for your steadfastness and faith in all your persecutions and in the afflictions that you are enduring.','2 Thessalonians 1:3‭-‬4 ESV','I can love others deeply.',16,NULL,12,'I will love my brethren deeply, from the heart. 1 Peter 1:22',NULL),(457,'Pray for salvation of others',NULL,NULL,'There’s a new song saying, “Worthy are YOU to take the scroll and to open its seals, for YOU were slain, and by YOUR blood YOU ransomed me for God from every tribe and language and people and nation, Revelation 5:9',17,NULL,12,'YOUR saving blood is the only worthy ransom for the price of sin and death that is holding these loved ones prisoner.',NULL),(458,'Spouse',NULL,'Ecc 4:9, 10',NULL,18,NULL,12,'Friendship -Two are better than one. If either of us falls, the one will lift up the other.',NULL),(459,'Kids in my life (current or future).','For my children help them find YOUR GENEROSITY -May we do good, to be rich in good works, to be generous and ready to share, thus storing up treasure for ourselves as a good foundation for the future, so that we may take hold of that which is truly life.','1 Tim 6:18, 19',NULL,19,NULL,12,'Provide for each a godly spouse that draws them up closer to YOU. Help me see all the good in each one daily & encourage them accordingly by being their biggest cheerleader.',NULL),(460,'Pray for:','Therefore confess your sins to each other and pray for each other so that you may be healed.','James 5:16','Nathan Norman, Allen Vaughn',20,NULL,12,'Those who are ill.',NULL),(461,'Scripture reading',NULL,'OT',NULL,21,NULL,12,'Read 1 Chapter in the OT',NULL),(462,'Personal -Blessings','I will seek YOU and YOUR strength; I seek YOUR presence continually!','1 Chronicles 16:11',NULL,22,NULL,12,'Give me today my daily bread, like manna, sufficient for today with no worry for tomorrow.',NULL),(463,'Personal -specific issues','have not because you all not',NULL,'I would like to cast on YOU now the following issues that I personally need YOU to deal with in my day today: 1 Pet 5:6-11',23,NULL,12,NULL,NULL),(464,'Personal -$$','I honor YOU with my wealth and with the firstfruits of all I produce; then my barns will be filled with plenty, and my vats will be bursting with wine.','Proverbs 3:9-10',NULL,24,NULL,12,NULL,NULL),(465,'Personal -power of my words','What I have said in the dark will be heard in the daylight, and what I have whispered in the ear in the inner rooms will be proclaimed from the roofs.','Luke 12:3','Let your speech always be gracious, seasoned with salt, so that you may know how you ought to answer each person.  Colossians 4:6 ESV',25,NULL,12,'When a man is filled with the Word of God you cannot keep him still, If a man has got the Word, he must speak or die. Dwight L. Moody',NULL),(466,'Personal -Who am I?','I am led by YOUR Spirit therefore I am YOUR child. For I did not receive the spirit of slavery to fall back into fear, but I have received the Spirit of adoption as sons, by whom I cry, \"Abba! Father!\"','Rom 8:14, 15','Remind me WHO I AM because of YOU JESUS:',26,NULL,12,'I am led by the Spirit of God',NULL),(467,'My Life Purpose','YOUR plans for me are plans for welfare and not for evil, to give me a future and a hope.','Jeremiah 29:11','Who is God to me?',27,NULL,12,'I always wanted to be somebody. Now I realize I should have been more specific. -Lily Tomlin\nThe glory of God is a human being fully alive. -Irenaeus\nA healthy sefl-image is seeing yourself as God sees you. No more, no less.',NULL),(468,'Thanks','YOUR steadfast love never ceases; YOUR mercies never come to an end; they are new every morning; great is YOUR faithfulness. \"YOU are my portion,\" says my soul, \"therefore I will hope in YOU.\"','Lam 3:22-24',NULL,28,NULL,12,NULL,NULL),(469,'Scripture reading',NULL,'NT',NULL,29,NULL,12,'Read 1 Chapter in the NT',NULL),(470,'Warfare','Let the power of YOUR grace cover and empower my life to live fully alive in YOUR truth.','Derek Prince','May I not face tempation today and deliver me from the enemy that seeks to lie to me and get me to cooperate with the killing, stealing and destroying of everything good YOU desire to bring to my life.',30,NULL,12,'Satan\'s tactics worked in heaven and they work on earth. He goes about spreading slander and rebellion.',NULL),(471,'Armor On!','Cloth me with YOUR whole armor today including the Belt of Truth securely around my waist holding me together.','Matt. 18:18-19','Truly I tell you, whatever you bind on earth will be bound in heaven, and whatever you loose on earth will be loosed in heaven. Again, truly I tell you that if two of you on earth agree about anything they ask for, it will be done for them by my Father in heaven.',31,NULL,12,'Put on the armor of God.',NULL),(472,'Journal','Now write this song and teach it to the people. Put it in their mouths, that this song may be a witness for me.','Deut 31:19',NULL,32,NULL,12,'Journal what You said to me today:',NULL),(473,'Benidiction for my day','Worthy is the Lamb who was slain, to receive power, wealth, wisdom, might, honor, glory & blessing! I heard every creature in heaven, on earth, under the earth, in the sea & all that is in them, saying, \"To HIM who sits on the throne & to the Lamb be blessing, honor, glory & might forever & ever!','Rev 5:12, 13',NULL,33,NULL,12,NULL,NULL),(474,'Music with meaning.','I will be glad and exalt YOU; I will sing praise to YOUR name, O Most High.','Psalm 9:2',NULL,34,NULL,12,NULL,'https://www.youtube.com/playlist?list=PLZdpE0NYhNb8oTRuuAgPt6OG0SuWcMZUK'),(475,'Pray for specific people.',NULL,NULL,'Customer user input will soon be available here.',35,NULL,12,'Who would you have me pray for right now? (fill names in below)',NULL),(476,'Forgivness','I release all rights I have for bitterness & hurt against anyone that wronged me. I offer those hurts to YOU as a sacrifice of faith & praise for the forgiveness YOU offered me.',NULL,NULL,36,NULL,12,NULL,NULL),(477,'My List',NULL,NULL,NULL,37,NULL,12,'This will be a list of people I am praying for.',NULL),(478,'Worship & Praise -YOUR Name',NULL,'Matthew 6:9',NULL,38,NULL,12,'I exalt & glorify YOUR holy Name:',NULL),(479,'Replace my way with YOUR way, I receive:',NULL,NULL,'Custom user input will soon be available here.',39,NULL,12,NULL,NULL),(480,'Personal Requests',NULL,NULL,NULL,40,NULL,12,'list burdens & concerns I am praying for:',NULL),(481,'Daily Attitude of my Heart - Sacrifice','If I present myselves to anyone as an obedient slave, I am a slave of the one whom I obey, either of sin, which leads to death, or of obedience, which leads to righteousness.','Romans 6:16',NULL,1,NULL,13,'I present myself as a living sacrifice, Spirit empower & control me.',NULL),(482,'Daily Attitude of my Heart - Focus','YOU must increase, and I must decrease.','John 3:30',NULL,2,NULL,13,NULL,NULL),(483,'Daily Attitude of my Heart - Obey','I am blessed when I don\'t walk in the counsel of the wicked, nor stand in the way of sinners, nor sit in the seat of scoffers; but my happiness is in YOUR law, & in YOUR law I meditate day & night.','Psalms 1:1-2',NULL,3,NULL,13,NULL,NULL),(484,'Daily Attitude of my Heart - Thoughts','I have made a covenant with my eyes; How then could I gaze at a virgin?','Job 31:1','Take thoughts & feelings captive.',4,NULL,13,'We don\'t know our purpose in life till we learn first to think with YOUR truth.',NULL),(485,'My Father in Heaven',NULL,'Lk 6:35,36',NULL,5,NULL,13,'My earthly father was not perfect, but YOU are!',NULL),(486,'I exalt & glorify YOUR holy Name','Lord, you have been our dwelling place in all generations. Before the mountains were brought forth, or ever you had formed the earth and the world, from everlasting to everlasting you are God. YOU return man to dust and say, “Return, O children of man!”\n\n– God’s nature is without beginning or end, free from all constraints of time, and He contains within Himself the very cause of time itself. “From everlasting to everlasting, You are God.”','Psalm 90:1–3',NULL,6,NULL,13,'YOU are: EL-OLAM [el-oh-lahm]: \"Everlasting God\"',NULL),(487,'YOUR Nature','YOU are the image of the invisible God, the firstborn of all creation. For because of YOU all things were created, in heaven & on earth, visible & invisible, whether thrones or dominions or rulers or authorities--all things were created through YOU & for YOU. YOU are before all things, & in YOU all things hold together.','Colossians 1:15-17',NULL,7,NULL,13,'I worship because YOU are: Self existant',NULL),(488,'Scripture reading',NULL,'Psalms',NULL,8,NULL,13,'Read 1 Chapter in the Psalms',NULL),(489,'Yeild to YOU','YOUR Kingdom come, YOUR will be done on earth & in my life as it is in Heaven.','Mat 6:10',NULL,9,NULL,13,'Guide me in a great adventure for YOUR glory today.',NULL),(490,'Wait on YOU','Let patience have her perfect work.',NULL,NULL,10,NULL,13,'I am waiting & consciously pausing so YOU can take the lead today.',NULL),(491,'Recognize my sin & idoltry','If I wander from the way of understanding I will rest in the assembly of the dead.','Proverbs 21:16',NULL,11,NULL,13,'In fact, many Christians do this every day. They declare, “Jesus is Lord,” but they don’t follow Jesus. Just as Israel said they worshiped Yahweh, but followed their desires instead of God’s declared will, many Christians pick and choose which passages of Scripture they want to follow—and then ignore the rest that challenge them! They might champion verses about God’s love while ignoring His holiness and the clear calls for believers to repent and turn from the ways of the world.',NULL),(492,'Recognize & replace','Put on: PEACE.  But the wisdom that comes from YOU is first of all pure; then peace-loving, considerate, submissive, full of mercy and good fruit, impartial and sincere.','James 3:17','Guide me in testing my own actions.  Galatians 6:4',12,NULL,13,'Put off: STRIFE, CONTENTION   Where there is strife, there is pride, but wisdom is found in those who take advice. Pr 13:10',NULL),(493,'Repent','The fear of the Lord is the beginning of wisdom; all those who practice it have a good understanding. His praise endures forever!','Psalm 111:10 ESV','Please forgive YOUR servant’s presumption.  1 Samuel 25:28',13,NULL,13,'John bevere take on repentance. \nThis is biblical repentance—it is the process of being recreated in Christ, reflecting God’s nature and goodness to our world',NULL),(494,'Release','Then those who feared the LORD spoke to one another, And the LORD listened and heard them; So a book of remembrance was written before Him For those who fear the LORD And who meditate on His name. “They shall be Mine,” says the LORD of hosts, “On the day that I make them My jewels. And I will spare them As a man spares his own son who serves him.” Then you shall again discern Between the righteous and the wicked, Between one who serves God And one who does not serve Him.','Malachi 3:16-18 NKJV',NULL,14,NULL,13,'In YOU there is forgiveness, so that I can serve you.  Psalm 130:4',NULL),(495,'Scripture reading',NULL,'Proverbs',NULL,15,NULL,13,'Read 1 Chapter in the Proverbs',NULL),(496,'Pray for One Another','hello all to be quick to forgive and passionate to follow YOU.','1 Peter 4:9','So I can show hospitality.',16,NULL,13,'Offer hospitality to one another.',NULL),(497,'Pray for salvation of others',NULL,NULL,'For YOU say, “In a favorable time I listened to you, and in a day of salvation I have helped you.” Behold, now is the favorable time; behold, now is the day of salvation. 2 Cor 6:2',17,NULL,13,NULL,NULL),(498,'Spouse',NULL,'Gal 5:22, 23',NULL,18,NULL,13,'Fruitfulness - The fruit of the Spirit abundant in our lives is love, joy, peace, patience, kindness, goodness, faithfulness, gentleness and self-control.',NULL),(499,'Kids in my life (current or future).','For my children help them find YOUR GODLY RELATIONSHIPS -If we walk with the wise we will become wise, but the companion of fools will suffer harm.','Pr. 13:20',NULL,19,NULL,13,'May the kids love YOU with all their hearts, souls and mind and have a hunger for YOUR scriptures. Prepare for them a spouse that will love YOU passionately and draw them closer to YOU.',NULL),(500,'Pray for:','Remember those who are in prison, as though in prison with them, and those who are mistreated, since you also are in the body. \'','Hebrews 13:3','Blair the Vet',20,NULL,13,'Those in prision.',NULL),(501,'Scripture reading',NULL,'OT',NULL,21,NULL,13,'Read 1 Chapter in the OT',NULL),(502,'Personal -Blessings','Lord God make me successful today, and show kindness to me.','Genesis 24:12',NULL,22,NULL,13,'Give me today my daily bread like manna, all I need, with no worry for tomorrow.',NULL),(503,'Personal -specific issues','be anxious for nothing but by prayer and supplication',NULL,'I humble myself under YOUR mighty Hand & cast up to YOU these specific matters, becasue I know YOU care for me. 1 Pet 5:6-11',23,NULL,13,NULL,NULL),(504,'Personal -$$','I will live debtfree, except the continuing debt to love others.','Romans 13:8',NULL,24,NULL,13,NULL,NULL),(505,'Personal -power of my words','A good man brings good things out of the good stored up in his heart, and an evil man brings evil things out of the evil stored up in his heart. For the mouth speaks what the heart is full of.','Luke 6:45',NULL,25,NULL,13,'If I speak what is false, I must answer for it; if truth, it will answer for me. Thomas Fuller',NULL),(506,'Personal -Who am I?','YOU redeemed me from the curse of the law by becoming a curse for me, for it is written, \"Cursed is everyone who is hanged on a tree\".','Gal 3:13','Remind me WHO I AM because of YOU JESUS:',26,NULL,13,'I am redeemed from the curse of the law.',NULL),(507,'My Life Purpose','YOU have made everything for YOUR purpose, even the wicked for the day of trouble.','Proverbs 16:4','Who am I?',27,NULL,13,'When the why is clear, the how is easy.        The greatest tragity is not death but life without purpose. Rick Warren',NULL),(508,'Thanks','I will offer to YOU my sacrifice of thanksgiving & call on YOUR name LORD.','Ps 116:17',NULL,28,NULL,13,NULL,NULL),(509,'Scripture reading',NULL,'NT',NULL,29,NULL,13,'Read 1 Chapter in the NT',NULL),(510,'Warfare','Help me identify any demonic activity that is oppressing my life in JESUS name.','2 Timothy 3:15','May I not face tempation today and deliver me from the enemy that seeks to lie to me and get me to cooperate with the killing, stealing and destroying of everything good YOU desire to bring to my life.',30,NULL,13,'And how from childhood I have been acquainted with the sacred writings, which are able to make me wise for salvation through faith in YOU Christ Jesus.',NULL),(511,'Armor On!','Cloth me with YOUR whole armor today including the Shield of Faith to defeat the flaming arrows of the evil one. Prepare buckler and shield, and advance for battle!  Jeremiah‬ ‭46:3‬ ‭ESV‬‬','Ps 5:12','For YOU bless the righteous, O Lord; you cover them with favor as with a shield.',31,NULL,13,'Put on the armor of God.',NULL),(512,'Journal','Your word is a lamp to my feet and a light to my path.','Ps 119:105',NULL,32,NULL,13,'Journal what You said to me today:',NULL),(513,'Benidiction for my day','May YOUR endurance & encouragement grant me to live in such harmony with others, in accord with YOU, that we may with one voice glorify YOU Lord Jesus Christ. May YOUR hope fill me with all joy & peace in believing, so that by YOUR power Holy Spirit I may abound in hope. Rom 15:5, 6, 13',NULL,NULL,33,NULL,13,NULL,NULL),(514,'Music with meaning.','Am I suffering? I should pray. Am I cheerful? I will sing praise.','James 5:13',NULL,34,NULL,13,'Music will powerfully impact my emotions.','https://www.youtube.com/playlist?list=PLZdpE0NYhNb8oTRuuAgPt6OG0SuWcMZUK'),(515,'Pray for specific people.',NULL,NULL,'Customer user input will soon be available here.',35,NULL,13,'Who would you have me pray for right now? (fill names in below)',NULL),(516,'Forgivness','Forgive me of my sins in the EXACT SAME WAY I forgive those I feel have wronged me.',NULL,NULL,36,NULL,13,NULL,NULL),(517,'My List',NULL,NULL,NULL,37,NULL,13,'This will be a list of people I am praying for.',NULL),(518,'Worship & Praise -YOUR Name',NULL,'Matthew 6:9',NULL,38,NULL,13,'I exalt & glorify YOUR holy Name:',NULL),(519,'Replace my way with YOUR way, I receive:',NULL,NULL,'Custom user input will soon be available here.',39,NULL,13,NULL,NULL),(520,'Personal Requests',NULL,NULL,NULL,40,NULL,13,'list burdens & concerns I am praying for:',NULL),(521,'Daily Attitude of my Heart - Sacrifice','I once presented myself as a slave to impurity and to lawlessness leading to more lawlessness, but now I present myself as a slave to righteousness leading to sanctification.','Romans 6:19',NULL,1,NULL,14,'I present myself as a living sacrifice, FATHER may your love flow to and through me.',NULL),(522,'Daily Attitude of my Heart - Focus','How shall I who died to sin still live in it? May it never be!','Rom 6:2',NULL,2,NULL,14,'YOUR way works and my way hurts.',NULL),(523,'Daily Attitude of my Heart - Obey','I must obey God rather than men.','Acts 5:29',NULL,3,NULL,14,'The Lord gives his people perpetual joy when they walk in obedience to him.',NULL),(524,'Daily Attitude of my Heart - Thoughts','Help me guard my heart with all diligence, for from it flow the springs of life.','Proverbs 4:23','Take thoughts & feelings captive.',4,NULL,14,'Help me remember that my feelings are a good guide much of the time as to what my flesh is fighting against YOU to do.',NULL),(525,'My Father in Heaven','I choose to not be afraid, like a sheep protected and provided for by the Good Shephard, for my Father has been pleased to give me the Kingdom.','Lk 12:32',NULL,5,NULL,14,'My earthly father was prone to the same sinnful failures as I but YOU will never fail or forsake me ever.',NULL),(526,'I exalt & glorify YOUR holy Name','(Nehemiah 9:17; Psalm 139:19) -El appears to mean “power,” as in “I have the power to harm you” (Genesis 31:29). El is associated with other qualities, such as integrity (Numbers 23:19), jealousy (Deuteronomy 5:9), and compassion (Nehemiah 9:31), but the root idea of “might” remains. YOU have the power to do anything in my life. If i am stuck in a spot then it is either because of a lack of obedience on my part or because YOU know it is best for me for the moment in order to learn. For my part, may I let no disobedience remain so YOU are free to move on my behalf when YOU deem best.','Neh 9:17',NULL,6,NULL,14,'YOU are: EL, ELOAH [el, el-oh-ah]: God \"mighty, strong, prominent\"',NULL),(527,'YOUR Nature','YOUR law is perfect, reviving my soul; YOUR testimony is sure, making my simple mind wise; YOUR precepts are right, filling my heart with rejoicing; YOUR commandment is pure, enlightening my eyes; YOUR fear is clean, enduring forever; YOUR rules are true, & righteous altogether.','Psalms 19:7-9',NULL,7,NULL,14,'I worship because YOU are: Truth',NULL),(528,'Scripture reading',NULL,'Psalms',NULL,8,NULL,14,'Read 1 Chapter in the Psalms',NULL),(529,'Yeild to YOU','YOUR Kingdom come (act of waiting & longing for my real home), YOUR will, (timing & desire) be done on earth & in my life as it is in Heaven.','Mat 6:10',NULL,9,NULL,14,'There is no eternal point in my efforts unless YOU are doing the work. My best ideas are as filthy rags!',NULL),(530,'Wait on YOU','YOU wait to be gracious to me, and therefore YOU exalt YOURself to show mercy to me. Lord YOU are a God of justice; blessed are all those who wait for YOU.','‭‭Isaiah‬ ‭30:18‬',NULL,10,NULL,14,'I am waiting & consciously pausing so YOU can take the lead today.',NULL),(531,'Recognize my sin & idoltry','But my iniquities have made a separation between me and YOU, and my sins have hidden YOUR face from me so that YOU will not hear.','Isaiah 59:2',NULL,11,NULL,14,'Similarly, they might proclaim His mercy but turn a blind eye to His justice. In doing so, they create a God fashioned in their image rather than worship the God who created them in His image. The latter has the power to transform them from the inside out. The former will always be devoid of any such power. It may not be fashioned as a statue of a golden calf, but it is a false god nonetheless.',NULL),(532,'Recognize & replace','Put on: PREFERRING OTHERS IN LOVEI should do nothing out of selfish ambition or vain conceit. Rather, in humility I will value others above myself, not looking to my own interests but to the interests of the others.','Phil 2:3-4','Prove my words, whether there be any truth in me. Genesis 42:16',12,NULL,14,'Put off: IRRITATION TO OTHERS   May I not become conceited, provoking and envying others. Gal 5:26',NULL),(533,'Repent','“And now, Israel, what does the Lord your God require of you, but to fear the Lord your God, to walk in all his ways, to love him, to serve the Lord your God with all your heart and with all your soul,','Deuteronomy 10:12 ESV','Look upon mine affliction and my pain; and forgive all my sins.',13,NULL,14,'repent and turn to YOU is many times in the Scriptures.',NULL),(534,'Release','Then the righteous will shine forth as the sun in the kingdom of their Father. He who has ears to hear, let him hear!','Matthew 13:43 NKJV',NULL,14,NULL,14,'YOU will be merciful toward my iniquities, & YOU will remember my sins no more.  Heb 8:12',NULL),(535,'Scripture reading',NULL,'Proverbs',NULL,15,NULL,14,'Read 1 Chapter in the Proverbs',NULL),(536,'Pray for One Another','Epaphras, who is one of you, a servant of Christ Jesus, greets you, always struggling on your behalf in his prayers, that you may stand mature and fully assured in all the will of God. For I bear him witness that he has worked hard for you and for those in Laodicea and in Hierapolis.','Colossians 4:12‭-‬13 ESV','So I can find opportunities to serve others.',16,NULL,14,'I will serve others with selfless agape love. Galatians 5:13',NULL),(537,'Pray for salvation of others',NULL,NULL,NULL,17,NULL,14,NULL,NULL),(538,'Spouse',NULL,'Prov 11:25',NULL,18,NULL,14,'Generosity - As we are generous, we will prosper; as we refresh each other we will be refreshed.',NULL),(539,'Kids in my life (current or future).','For my children help them find YOUR POWERFUL GRACE -May the grace of the Lord Jesus Christ, and the love of God, and the fellowship of the Holy Spirit be with you all.','2 Cor 13:14',NULL,19,NULL,14,'Help all the kids to be crystal clear as to what mission YOU have for their lives for this season of their lives.',NULL),(540,'Pray for:','Don\'t forget to show hospitality to strangers, for some who have done this have entertained angels without realizing it!','Heb. 13:2','Lu serve folks',20,NULL,14,'Those YOU have passing through my life right now.',NULL),(541,'Scripture reading',NULL,'OT',NULL,21,NULL,14,'Read 1 Chapter in the OT',NULL),(542,'Personal -Blessings','Make YOUR face shine on me YOUR servant and teach me YOUR decrees.','Psalm 119:135',NULL,22,NULL,14,'Give me today my daily bread.',NULL),(543,'Personal -specific issues','Come boldly',NULL,'I would like to cast on YOU now the following issues that I personally need YOU to deal with in my day today: 1 Pet 5:6-11',23,NULL,14,NULL,NULL),(544,'Personal -$$','The point is this: if I sow sparingly, I will also reap sparingly, and if I sow bountifully, I will also reap bountifully. I give as I have decided in my heart, not reluctantly or under compulsion, for YOU love a cheerful giver.','2 Corinthians 9:6-7',NULL,24,NULL,14,NULL,NULL),(545,'Personal -power of my words','A gentle tongue is a tree of life, but perverseness in it breaks the spirit.','Proverbs 15:4','https://bible.com/bible/59/col.4.6.ESV',25,NULL,14,'God forbid that I should travel with anybody a quarter of an hour without speaking of Christ to them. George Whitefield',NULL),(546,'Personal -Who am I?','YOU have redeemed me from trouble.','Ps 107:2','Remind me WHO I AM because of YOU JESUS:',26,NULL,14,'I am redeemed from the hand of the enemy',NULL),(547,'My Life Purpose','YOU will fulfill YOUR purpose for me; YOUR steadfast love, O Lord, endures forever.','Psalm 138:8','Why am I here?',27,NULL,14,'“My business is, with all my might to serve my own generation; in doing so I shall best serve the next generation, should the Lord Jesus tarry... The longer I live, the more I am enabled to realize that I have but one life to live on earth, and that this one life is but a brief life, for sowing, in comparison with eternity, for reaping. ”  ―George Müller',NULL),(548,'Thanks','Praise the Lord! Oh give thanks to YOU, for YOU are good, for YOUR steadfast love endures forever!','Psalm 106:1',NULL,28,NULL,14,'Read more: https://www.christianquotes.info/search-for-a-quote/#ixzz5NItOn2Gz',NULL),(549,'Scripture reading',NULL,'NT',NULL,29,NULL,14,'Read 1 Chapter in the NT',NULL),(550,'Warfare','Show me any enemy strongholds that are in my life and cast them down to utter destruction in JESUS name.','1 Peter 2:11','May I not face tempation today and deliver me from the enemy that seeks to lie to me and get me to cooperate with the killing, stealing and destroying of everything good YOU desire to bring to my life.',30,NULL,14,'I am forward deployed as \"temporary resident & foreigner\" in the world, so I choose to keep away from worldly desires that wage war against my very soul.',NULL),(551,'Armor On!','Cloth me with YOUR whole armor today including the Sword of The Spirit, the Word of God, so I can use it to protect myself & others from the evil one through the power & authority of YOUR Word, & please help me use your Word to bring, encouragement, strength & wisdom.',NULL,'YOUR word will accomplish what YOU intended.',31,NULL,14,'Put on the armor of God.',NULL),(552,'Journal','Make me understand the way of your precepts, and I will meditate on your wondrous works.','Ps 119:27',NULL,32,NULL,14,'Journal what You said to me today:',NULL),(553,'Benidiction for my day','May YOU dwell in my heart through faith--that I, being rooted & grounded in love, may have the strength to comprehend with others what is the breadth, length, height & depth, to know that YOUR love surpasses knowledge, that I may be filled with all YOUR fullness. Eph 3:17-21',NULL,NULL,33,NULL,14,NULL,NULL),(554,'Music with meaning.','For YOU have been my help, and in the shadow of YOUR wings I will sing for joy.','Psalm 63:7',NULL,34,NULL,14,NULL,'https://www.youtube.com/playlist?list=PLZdpE0NYhNb8oTRuuAgPt6OG0SuWcMZUK'),(555,'Pray for specific people.',NULL,NULL,'Customer user input will soon be available here.',35,NULL,14,'Who would you have me pray for right now? (fill names in below)',NULL),(556,'Forgivness','Forgive me my sins in the exact same way & to the exact same extent as I forgive those that have offened me.',NULL,NULL,36,NULL,14,NULL,NULL),(557,'My List',NULL,NULL,NULL,37,NULL,14,'This will be a list of people I am praying for.',NULL),(558,'Worship & Praise -YOUR Name',NULL,'Matthew 6:9',NULL,38,NULL,14,'I exalt & glorify YOUR holy Name:',NULL),(559,'Replace my way with YOUR way, I receive:',NULL,NULL,'Custom user input will soon be available here.',39,NULL,14,NULL,NULL),(560,'Personal Requests',NULL,NULL,NULL,40,NULL,14,'list burdens & concerns I am praying for:',NULL),(561,'Daily Attitude of my Heart - Sacrifice','For I was bought with a price. So I glorify YOU in my body.','1 Cor. 6:20',NULL,1,NULL,15,'I present myself as a living sacrifice, Spirit fill & use me today.',NULL),(562,'Daily Attitude of my Heart - Focus','If I am living according to my flesh, I must die; but if by YOUR SPIRIT, I am putting to death the deeds of my body, I will live.','Rom 8:13',NULL,2,NULL,15,NULL,NULL),(563,'Daily Attitude of my Heart - Obey','I am blessed when I hear YOUR word and keep it.','Luke 11:28',NULL,3,NULL,15,NULL,NULL),(564,'Daily Attitude of my Heart - Thoughts','The good man out of the good treasure of his heart brings forth what is good; and the evil man out of the evil treasure brings forth what is evil; for my mouth speaks from that which fills my heart.','Luke 6:45','Take thoughts & feelings captive.',4,NULL,15,NULL,NULL),(565,'My Father in Heaven','I need not let my heart be troubled. I trust in God and I trust also in JESUS. In my Heavenly Father’s house are many rooms; if it were not so, JESUS would have told me. JESUS is there now preparing a place for me.','Jn 14:1, 2',NULL,5,NULL,15,'Thank YOU for adopting me into YOUR forever family because of my faith in JESUS.',NULL),(566,'I exalt & glorify YOUR holy Name','May all know that YOU, whose name alone is Jehovah, are the most high over all the earth.','Ps 83:18',NULL,6,NULL,15,'YOU are: Jehovah',NULL),(567,'YOUR Nature','YOUR resources are never exhausted. YOUR supply of grace is infinite. YOU are my gracious Rewarder. As I come to YOU I believe that YOU exist, and that YOU generously, graciously reward me for diligently and humbly seek YOU.','Hebrews',NULL,7,NULL,15,'I worship because YOU are: My Reward',NULL),(568,'Scripture reading',NULL,'Psalms',NULL,8,NULL,15,'Read 1 Chapter in the Psalms',NULL),(569,'Yeild to YOU','YOUR Kingdom come, YOUR will be done on earth & in my life as quickly & completely as it is in Heaven.','Mat 6:10',NULL,9,NULL,15,'Am I pushing forward in my life on my own or letting YOU take the lead and set the pace?',NULL),(570,'Wait on YOU','makes me lie down.',NULL,NULL,10,NULL,15,'I am waiting & consciously pausing so YOU can take the lead today.',NULL),(571,'Recognize my sin & idoltry','My own iniquities captures the wicked, and I will be held with the cords of my sin.','Proverbs 5:22',NULL,11,NULL,15,'This is creating a knockoff Jesus—an idol. It is not worshiping Jesus in truth.',NULL),(572,'Recognize & replace','Put on: LET GOD SEARCH MY HEART.  If YOU had not come and spoken to me, I would not be guilty of sin; but now I have no excuse for my sin.','John 8:9; 15:22','If I justify myself, my own mouth will condemn me: if I say, I am perfect, it would pronounce me guilty.  Job 9:20',12,NULL,15,'Put off: JUDGING   I should not judge, or I too will be judged. For in the same way I judge others, I will be judged, and with the measure I use, it will be measured to me. Matt 7:1-2',NULL),(573,'Repent','I should not be wise in my own eyes; I will fear the Lord, and turn away from evil.','Proverbs 3:7 ESV','For the sake of YOUR name, Lord, forgive my iniquity, though it is great.  Psalm 25:11',13,NULL,15,'I choose by my free will to change my mind about my own selfish desires and agree with YOUR instructions for me knowing they are for my own well being in the long run.',NULL),(574,'Release','And these will go away into everlasting punishment, but the righteous into eternal life.','Matthew 25:46 NKJV',NULL,14,NULL,15,'YOU who began a work in me will complete it.',NULL),(575,'Scripture reading',NULL,'Proverbs',NULL,15,NULL,15,'Read 1 Chapter in the Proverbs',NULL),(576,'Pray for One Another','put in verse about trials workout our faith leading to patience and then character and endurance etc.','Ephesians 5:19','So my words will be uplifting.',16,NULL,15,'I will speak to my brethren with psalms, hymns and spiritual songs.',NULL),(577,'Pray for salvation of others',NULL,NULL,NULL,17,NULL,15,NULL,NULL),(578,'Spouse',NULL,'Eph 4:1-3',NULL,18,NULL,15,'Gentleness – Help us walk in a manner worthy of the calling to which we have been called, with all humility and gentleness, with patience, bearing with each other in love, eager to maintain the unity of the Spirit in the bond of peace.',NULL),(579,'Kids in my life (current or future).','For my children help them find YOUR HEALTH -I pray that all may go well with them and that they may be in good health, as it goes well with their soul.','3 Jh. 1:2',NULL,19,NULL,15,'I receive YOUR warning against legalism, not to be too strict and negative with the kids in my life.',NULL),(580,'Pray for:','I will love my enemies, do good to those who hate me, bless those who curse me and pray for those who abuse me.','Luke 6:27, 28',NULL,20,NULL,15,'enemies.',NULL),(581,'Scripture reading',NULL,'OT',NULL,21,NULL,15,'Read 1 Chapter in the OT',NULL),(582,'Personal -Blessings','YOU will be with me and will watch over me on this journey I am taking and will give me food to eat and clothes to wear.','Genesis 28:20',NULL,22,NULL,15,'Give me today my daily bread, like the manna came daily with no worry for tomorrow.',NULL),(583,'Personal -specific issues','Grain of mustard moves mountains',NULL,'I humble myself under YOUR mighty Hand & cast up to YOU these specific matters, becasue I know YOU care for me. 1 Pet 5:6-12',23,NULL,15,NULL,NULL),(584,'Personal -$$','In all things guide me to work hard in helping the weak and remember YOUR words Lord Jesus, when YOU said, ‘It is more blessed to give than to receive.’','2 Corinthians 9:6-7',NULL,24,NULL,15,NULL,NULL),(585,'Personal -power of my words','I will have to give account on the day of judgment for every empty word I have spoken.','Matthew 12:36',NULL,25,NULL,15,'We have all felt the brazenness of words without emotion, the hollowness, the unaccountable unpersuasiveness of eloquence behind which lies no love. Henry Drummond',NULL),(586,'Personal -Who am I?','I was washed, I was sanctified, I was justified in YOUR name Lord Jesus  & by YOUR Spirit.','1 Cor 6:11','Remind me WHO I AM because of YOU JESUS:',26,NULL,15,'I am sanctified',NULL),(587,'My Life Purpose','So, whether I eat or drink, or whatever I do, I will do all to YOUR glory.','1 Cor 10:31','What really matters?',27,NULL,15,'A life in which anything goes will ultimatly be a life in which nothing goes. -John Maxwell\nWhatever failures I have known, whatever errors I have committed, whatever follies I have Witnessed in private and public life have been the consequence of action without thought. -Bernard Baruch',NULL),(588,'Thanks','Hear, O LORD, & be merciful to me! O LORD, be my helper!\" YOU have turned my mourning into dancing; YOU have loosed my sackcloth & clothed me with gladness, that my glory may sing YOUR praise & not be silent. O LORD my God, I will give thanks to YOU forever!','Ps 30:10-12',NULL,28,NULL,15,NULL,NULL),(589,'Scripture reading',NULL,'NT',NULL,29,NULL,15,'Read 1 Chapter in the NT',NULL),(590,'Warfare','Show me if I have opened the door for curses to be active on my life from past sinful behavior or patricipation in something of which I am unaware in JESUS name.',NULL,'May I not face tempation today and deliver me from the enemy that seeks to lie to me and get me to cooperate with the killing, stealing and destroying of everything good YOU desire to bring to my life.',30,NULL,15,'verses about enemy attacking, winning over temptation, etc.',NULL),(591,'Armor On!','Cloth me with YOUR whole armor today inclusing the Helmet of salvation to remind me I am YOURs and protect me from thoughts that are not of faith before they ever turn into sinnful action','1 Cor. 10:13','No temptation has overtaken me except what is common to mankind. And YOU are faithful and will not let me be tempted beyond what I can bear. But when I am tempted, YOU will also provide a way out so that I can endure it.',31,NULL,15,'Put on the armor of God.',NULL),(592,'Journal','Open my eyes, that I may behold wondrous things out of your law.','Ps 119:18',NULL,32,NULL,15,'Journal what You said to me today:',NULL),(593,'Benidiction for my day','Oh, the depth of YOUR riches, wisdom & knowledge! How unsearchable are YOUR judgments & how inscrutable are YOUR ways! For from YOU & through YOU & to YOU are all things. To YOU be glory forever. Amen.','Rom 11:33, 36',NULL,33,NULL,15,NULL,NULL),(594,'Music with meaning.','Behold, YOU are my salvation; I will trust, and will not be afraid; for YOU are my strength and my song, and YOU are my salvation.','Isaiah 12:2',NULL,34,NULL,15,'Next to the Word of God, the noble art of music is the greatest treasure in the world.','https://www.youtube.com/playlist?list=PLZdpE0NYhNb8oTRuuAgPt6OG0SuWcMZUK'),(595,'Pray for specific people.',NULL,NULL,'Customer user input will soon be available here.',35,NULL,15,'Who would you have me pray for right now? (fill names in below)',NULL),(596,'Forgivness','Forgive my sins in the same way & to the same degree as I forgive those that I feel have wronged and hurt me.',NULL,NULL,36,NULL,15,NULL,NULL),(597,'My List',NULL,NULL,NULL,37,NULL,15,'This will be a list of people I am praying for.',NULL),(598,'Worship & Praise -YOUR Name',NULL,'Matthew 6:9',NULL,38,NULL,15,'I exalt & glorify YOUR holy Name:',NULL),(599,'Replace my way with YOUR way, I receive:',NULL,NULL,'Custom user input will soon be available here.',39,NULL,15,NULL,NULL),(600,'Personal Requests',NULL,NULL,NULL,40,NULL,15,'list burdens & concerns I am praying for:',NULL),(601,'Daily Attitude of my Heart - Sacrifice','Through YOU then let me continually offer up a sacrifice of praise, that is, the fruit of my lips acknowledging YOUR name.','Hebrews 13:15',NULL,1,NULL,16,'I present myself as a living sacrifice, Help me life in the power of your grace today JESUS',NULL),(602,'Daily Attitude of my Heart - Focus','As a \"temporary resident & foreigner\" in the world, I choose to keep away from worldly desires that wage war against my very soul. May I desire the things you desire.','1 Peter 2:11',NULL,2,NULL,16,'I will work to actively cut off opportunities to sin. (principle of \"if your eye causes sin, cut it out\")',NULL),(603,'Daily Attitude of my Heart - Obey','If I despise YOUR word I bring destruction on myself, but if I revere YOUR commands I will be rewarded.','Proverbs 13:13',NULL,3,NULL,16,NULL,NULL),(604,'Daily Attitude of my Heart - Thoughts','That which proceeds out of me, that is what defiles me. \"For from within, out of my heart, proceed the evil thoughts, fornications, thefts, murders, adulteries, deeds of coveting & wickedness, as well as deceit, sensuality, envy, pride & foolishness.','Mark 7:20-22','Take thoughts & feelings captive.',4,NULL,16,'I reject the enemies lies like \"I can\'t come worship before YOU until I perfect myself\". That is pride & false religion. I come to YOU NOW, just as I am.',NULL),(605,'My Father in Heaven','Jesus teaches me that the Heavenly Father himself loves me because I have loved YOU JESUS and have believed that YOU came from God.','Jn 16:27',NULL,5,NULL,16,'YOU are the father that never fails me.',NULL),(606,'I exalt & glorify YOUR holy Name',NULL,NULL,NULL,6,NULL,16,'YOU are: Jehovah Nissi: The Lord my Banner','His Banner Over Me Is Love'),(607,'YOUR Nature','FATHER, YOUR thoughts are not my thoughts, neither are your ways my ways. For as the heavens are higher than the earth, so are YOUR ways higher than mine ways & YOUR thoughts than my thoughts.','Is 55:8, 9',NULL,7,NULL,16,'I worship because YOU are: Transcendent',NULL),(608,'Scripture reading',NULL,'Psalms',NULL,8,NULL,16,'Read 1 Chapter in the Psalms',NULL),(609,'Yeild to YOU','May YOUR Kingdom come which is my home and YOUR will be done on earth & in my life as quickly & completely as it is in Heaven.','Mat 6:10',NULL,9,NULL,16,'Show me where YOU are at work today and bless me to join YOU there.',NULL),(610,'Wait on YOU','And Moses said to the people, \"Fear not, stand firm, and see the salvation of the Lord , which he will work for you today. For the Egyptians whom you see today, you shall never see again. The Lord will fight for you, and you have only to be silent.\"','Exodus 14:13‭-‬14 ESV',NULL,10,NULL,16,'Let paitence have her perfect work.',NULL),(611,'Recognize my sin & idoltry','There is no one that calls on YOUR name, who arouses himself to take hold of YOU; For YOU have hidden YOUR face from us and have delivered us into the power of iniquities.','Isaiah 64:7',NULL,11,NULL,16,'To worship Him in truth, we must take Him at His Word—all of it.',NULL),(612,'Recognize & replace','Put on: BROKENNESS.  I will not offer any part of myself to sin as an instrument of wickedness, but rather offer myself to YOU as someone who has been brought from death to life; and offer every part of me to YOU as an instrument of righteousness.','Rom 6:13','How can I know all the sins lurking in my heart? Cleanse me from these hidden faults. Keep me from deliberate sins! Don’t let them control me. Then I will be free of guilt & innocent of great sin.  Psalm 19:12',12,NULL,16,'Put off: STUBBORN self willed rebellion    For rebellion is like the sin of divination, and arrogance like the evil of idolatry. If I reject YOUR word, I have rejected YOU as King. 1 Sam 15:23',NULL),(613,'Repent','For if I go on sinning deliberately after receiving the knowledge of the truth, there no longer remains a sacrifice for sins, but a fearful expectation of judgment, and a fury of fire that will consume me. Anyone who has set aside the law of Moses dies without mercy on the evidence of two or three witnesses. How much worse punishment, do you think, will be deserved by the one who has spurned the Son of God, and has profaned the blood of the covenant by which he was sanctified, and has outraged the Spirit of grace? For we know him who said, “Vengeance is mine; I will repay.” And again, “The Lord will judge his people.”','Hebrews 10:26-31 ESV',NULL,13,NULL,16,'I choose by my free will to turn from anything YOU have shown me in obedience to YOU so the my whole attitude on the matter would align with YOU.',NULL),(614,'Release','Blessed are those who are persecuted for righteousness’ sake, For theirs is the kingdom of heaven.','Matthew 5:10 NKJV',NULL,14,NULL,16,'Blessed am I whose transgressions are forgiven and sins are covered.  Psalm 32:1',NULL),(615,'Scripture reading',NULL,'Proverbs',NULL,15,NULL,16,'Read 1 Chapter in the Proverbs',NULL),(616,'Pray for One Another','Thank YOU for delivering & drawing us to YOURself out of the control & the dominion of darkness & transferring us into the Kingdom of YOUR Son, in whom we have our redemption through JESUS\' blood, the forgiveness of our sins.','Romans 12:16','So we can all get along',16,NULL,16,'Live in harmony with others.',NULL),(617,'Pray for salvation of others',NULL,NULL,NULL,17,NULL,16,NULL,NULL),(618,'Spouse',NULL,'Col 4:6',NULL,18,NULL,16,'Grace - Let our conversation be always full of grace, seasoned with salt, so that we may know how to answer everyone.',NULL),(619,'Kids in my life (current or future).','For my children help them find YOUR HONESTY -In YOU they will know the truth, and the truth will set them free.','Jh 8:32',NULL,19,NULL,16,'May what I say to and about my kids be encouraging, never labeling them with curses that limit them or are destructive. My words have great power, be careful.',NULL),(620,'Pray for:','If I forgive others their trespasses, my Heavenly FATHER will also forgive me.','Matthew 6:14',NULL,20,NULL,16,'Those that have hurt me.',NULL),(621,'Scripture reading',NULL,'OT',NULL,21,NULL,16,'Read 1 Chapter in the OT',NULL),(622,'Personal -Blessings','Save me from all my transgressions; do not make me the scorn of fools.','Psalm 39:8',NULL,22,NULL,16,'Give me today my daily bread, like manna, sufficient for today with no worry for tomorrow.',NULL),(623,'Personal -specific issues','You desire and do not have, so you murder. You covet and cannot obtain, so you fight and quarrel. You do not have, because you do not ask. ‭‭','James‬ ‭4:2‬','I would like to cast on YOU now the following issues that I personally need YOU to deal with in my day today: 1 Pet 5:6-12',23,NULL,16,NULL,NULL),(624,'Personal -$$','Help me remember YOU are my LORD and your God. It is YOU who gives me the ability to produce wealth, and so confirms YOUR covenant which YOU swore to my ancestors, as it is today.','Deuteronomy 8:18',NULL,24,NULL,16,NULL,NULL),(625,'Personal -power of my words','Let the words of my mouth and the meditation of my heart be acceptable in your sight, O Lord, my rock and my redeemer.','Psalm 19:14',NULL,25,NULL,16,'If it takes a lot of words to say what you have in mind - give it more thought. --Dennis Roth',NULL),(626,'Personal -Who am I?','For by YOUR grace I have been saved through faith and this is not my own doing; it is YOUR gift to me.','Eph 2:8','Remind me WHO I AM because of YOU JESUS:',26,NULL,16,'I am saved by grace alone, through faith',NULL),(627,'My Life Purpose','What is required of man but to do justly love mercy and walk humbly…','Eccl 12:13-14','What shall I do?',27,NULL,16,'The world stands aside to let anyone pass who knows where he is going. -David Staff Gordon\nGive me a stock clerk with a goal and I will give you a man who will make history. Give me a man without a goal and I will give you a stock clerk. -J.C. Penney',NULL),(628,'Thanks','And whatever I do, in word or deed, I will do everything in YOUR name Lord Jesus, giving thanks to God the Father.','Ps 30:10-12',NULL,28,NULL,16,NULL,NULL),(629,'Scripture reading',NULL,'NT',NULL,29,NULL,16,'Read 1 Chapter in the NT',NULL),(630,'Warfare','Help me be watchful for enemy threat because they activly stock and seek to devour.','Nehemiah 4:14 ESV','May I not face tempation today and deliver me from the enemy that seeks to lie to me and get me to cooperate with the killing, stealing and destroying of everything good YOU desire to bring to my life.',30,NULL,16,'And I looked and arose and said to the nobles and to the officials and to the rest of the people, \"Do not be afraid of them. Remember the Lord, who is great and awesome, and fight for your brothers, your sons, your daughters, your wives, and your homes.\"',NULL),(631,'Armor On!','Cloth me with YOUR whole armor today including the Breastplate so that others may see YOUR righteousness on me guarding my heart & emotions.','John 16:33','I have told you these things, so that in me you may have peace. In this world you will have trouble. But take heart! I have overcome the world.',31,NULL,16,'Put on the armor of God.',NULL),(632,'Journal','“Tell your children of it, and let your children tell their children, and their children to another generation.”','‭‭Joel‬ ‭1:3‬ ‭ESV‬‬',NULL,32,NULL,16,'Journal what You said to me today:',NULL),(633,'Benidiction for my day','Finally, rejoice! Aim for restoration, comfort others, agree with others, live in peace; & the God of love & peace will be with me. YOUR grace Lord Jesus Christ & YOUR love & the fellowship Holy Spirit be with me.','2 Cor 13:11, 14',NULL,33,NULL,16,NULL,NULL),(634,'Music with meaning.','Shout, and sing for joy!','Isaiah 12:6',NULL,34,NULL,16,NULL,'https://www.youtube.com/playlist?list=PLZdpE0NYhNb8oTRuuAgPt6OG0SuWcMZUK'),(635,'Pray for specific people.',NULL,NULL,'Customer user input will soon be available here.',35,NULL,16,'Who would you have me pray for right now? (fill names in below)',NULL),(636,'Forgivness','Forgive me of my sins in the exact same way I forgive those that have sinned against me.',NULL,NULL,36,NULL,16,NULL,NULL),(637,'My List',NULL,NULL,NULL,37,NULL,16,'This will be a list of people I am praying for.',NULL),(638,'Worship & Praise -YOUR Name',NULL,'Matthew 6:9',NULL,38,NULL,16,'I exalt & glorify YOUR holy Name:',NULL),(639,'Replace my way with YOUR way, I receive:',NULL,NULL,'Custom user input will soon be available here.',39,NULL,16,NULL,NULL),(640,'Personal Requests',NULL,NULL,NULL,40,NULL,16,'list burdens & concerns I am praying for:',NULL),(641,'Daily Attitude of my Heart - Sacrifice','By this I know love, that JESUS laid down HIS life for me and I ought to lay down my live for my brothers.','1 John 3:16',NULL,1,NULL,17,'I present myself as a living sacrifice, FATHER may your love flow to and through me.',NULL),(642,'Daily Attitude of my Heart - Focus','Help me walk by the SPIRIT today and not gratify the desires of my flesh.','Gal 5:16',NULL,2,NULL,17,NULL,NULL),(643,'Daily Attitude of my Heart - Obey','If I present myselves to anyone as an obedient slave, I am a slave of the one whom I obey, either of sin, which leads to death, or of obedience, which leads to righteousness.','Romans 6:16',NULL,3,NULL,17,NULL,NULL),(644,'Daily Attitude of my Heart - Thoughts','So today I choose to focus on whatever is true, honorable, right, pure, lovely, is of good repute, if there is anything excellence & worthy of praise, I will dwell on these things today.','Philippians 4:8','Take thoughts & feelings captive.',4,NULL,17,'An old man said, \"We are not condemned because of our thoughts that enter us, but because we use our thoughts badly; our thoughts can cause us either to suffer shipwreck or to be crowned.\" —Abba Poemen, 5th-century desert father',NULL),(645,'My Father in Heaven','For I did not receive a spirit that makes me a slave again to fear, but I received the Spirit of adoption. And by way of JESUS I cry, “Abba, Father.” The SPIRIT himself testifies with my spirit that I am God’s child.','Rom 8:15,16',NULL,5,NULL,17,'My earthly father was not perfect, but YOU are!',NULL),(646,'I exalt & glorify YOUR holy Name','number of angels and how one angel can put an army like assyria to flight or death and there are legions that have how many per legion so the power structure is unspeakable!',NULL,NULL,6,NULL,17,'YOU are: JEHOVAH SABAOTH: Lord of Hosts (the military power to do as HE pleases).',NULL),(647,'YOUR Nature','In YOU, I have obtained an inheritance (as an adopted child), having been predestined according to YOUR purpose who works all things according to the counsel of YOUR will.','Eph 1:11',NULL,7,NULL,17,'I worship because YOU are: my perfect Father',NULL),(648,'Scripture reading',NULL,'Psalms',NULL,8,NULL,17,'Read 1 Chapter in the Psalms',NULL),(649,'Yeild to YOU','YOUR Kingdom come, YOUR will be done on earth & in my life as it is in Heaven.','Mat 6:10',NULL,9,NULL,17,'Lead me to YOUR best for me today.',NULL),(650,'Wait on YOU','The Lord will fight for me, I only have to be silent.','Ex 14:14',NULL,10,NULL,17,'Speak Lord, I am listening.',NULL),(651,'Recognize my sin & idoltry','(The truma of YOUR holiness and my sinfulness.)  Then I said, \"Woe is me, for I am ruined! Because I am a man of unclean lips, And I live among a people of unclean lips; For my eyes have seen the King, the LORD of hosts.\"','Isaiah 6:5',NULL,11,NULL,17,'If you’ve been worshipping a Jesus that sounds more like the current mood of our culture than the unchanging God of Abraham, Isaac, and Jacob, I’d encourage you to run back to Scripture. To stay out of deception, you have to embrace the Word of God in its fullness. Don’t ignore the parts that you may find challenging or uncomfortable. Don’t ignore the parts you may not understand. Remember, a god you understand will always be smaller than you are—and the God of the Bible is far bigger than that. You can rest assured of that.',NULL),(652,'Recognize & replace','Put on: ESTEEMING OTHERS.  I will do nothing out of selfish ambition or vain conceit. Rather, in humility I will value others above myself, not looking to my own interests but to the interests of the others.','Phil. 2:3-4','There is no human way I can discern all the errors I commit. Forgive me for even my hidden faults that I have overlooked.  Psalm 19:12',12,NULL,17,'Put off: BOASTING, CONCEIT   For who makes me different from anyone else? What do I have that you did not receive? And if I did receive it, why do I boast as though I did not? 1 Cor 4:7',NULL),(653,'Repent','The reward for humility and fear of the Lord is riches and honor and life.','Proverbs 22:4 ESV',NULL,13,NULL,17,'True repentance is a change of mind and attitude toward sin and its causes, not merely toward the consequence of sin. John Bevere',NULL),(654,'Release','Blessed are those who hunger and thirst for righteousness, For they shall be filled.','Matthew 5:6 NKJV',NULL,14,NULL,17,NULL,NULL),(655,'Scripture reading',NULL,'Proverbs',NULL,15,NULL,17,'Read 1 Chapter in the Proverbs',NULL),(656,'Pray for One Another','I have not ceased to pray & make special request for ____, that we all may be filled with the full knowledge of YOUR will in all wisdom, understanding & discernment of spiritual things.','Romans 14:13','So I will stop judging others.',16,NULL,17,'I need to stop passing judgment on others.',NULL),(657,'Pray for salvation of others',NULL,NULL,NULL,17,NULL,17,NULL,NULL),(658,'Spouse',NULL,'Prov 16:24',NULL,18,NULL,17,'Health - Gracious words are a honeycomb, sweet to the soul and healing to the bones.',NULL),(659,'Kids in my life (current or future).','For my children help them find YOUR HOPE -As we hope in YOU we will renew our strength. We will soar on wings like eagles and run while not grow weary, we will walk and not be faint.','Is. 40:31',NULL,19,NULL,17,'For all the kids, may they have a passion for YOUR Scriptures.',NULL),(660,'Pray for:','A friend loves at all times.','Pr 17:17','John Hileman, bill macdonald, Matt Kimball, bill Spencer',20,NULL,17,'friends',NULL),(661,'Scripture reading',NULL,'OT',NULL,21,NULL,17,'Read 1 Chapter in the OT',NULL),(662,'Personal -Blessings','YOUR commands are always with me and make me wiser than my enemies.','Psalm 119:98',NULL,22,NULL,17,'Give me today my daily bread.',NULL),(663,'Personal -specific issues','I will call to YOU & YOU will answer me, & will tell me great & hidden things that I have not known.','Jer 33:3','I humble myself under YOUR mighty Hand & cast up to YOU these specific matters, becasue I know YOU care for me. 1 Pet 5:6-12',23,NULL,17,NULL,NULL),(664,'Personal -$$','Jesus looked up and saw the rich putting their gifts into the offering box, and he saw a poor widow put in two small copper coins. And he said, “Truly, I tell you, this poor widow has put in more than all of them. For they all contributed out of their abundance, but she out of her poverty put in all she had to live on.”','Luke 21:1-4',NULL,24,NULL,17,'Help me manage the resources YOU have given me stewardship over according to YOUR truth.',NULL),(665,'Personal -power of my words','A soft answer turns away wrath, but a harsh word stirs up anger.','Proverbs 15:1',NULL,25,NULL,17,'By swallowing evil words unsaid, no one has ever harmed his stomach. --Winston Churchill',NULL),(666,'Personal -Who am I?','Finally, I will be strong in YOU & in the strength of YOUR might.','Eph 6:10','Remind me WHO I AM because of YOU JESUS:',26,NULL,17,'I am strong',NULL),(667,'My Life Purpose','I can do nothing on my own. As I hear, I judge, and my judgment is just, because I seek not my own will but YOUR will who sent me.','John 5:30','How shall I do it?',27,NULL,17,'Time is the currency of Heaven. Invest it iwsely NOW! -jmac\nIf I could, I would stand on a busy street corner, hat in hand, and beg people to throw me all their hours. -Bernard Berenson\nWhen I was a child I laughed and wept -time crept!\nWhen I was a youthI dreamed and talked -time walked!\nWhen I became full grown -time ran!\nThen with theh years I older grew -time flew!\nSoon I shall find as I travel on -time gone!\n-Henry Twells',NULL),(668,'Thanks','For YOUR invisible attributes, namely, YOUR eternal power & divine nature, have been clearly perceived, ever since the creation of the world, in the things that have been made. So, I am without excuse.','Rom 1:20-22',NULL,28,NULL,17,NULL,NULL),(669,'Scripture reading',NULL,'NT',NULL,29,NULL,17,'Read 1 Chapter in the NT',NULL),(670,'Warfare','I break all generational curses active in my life in JESUS name.',NULL,'May I not face tempation today and deliver me from the enemy that seeks to lie to me and get me to cooperate with the killing, stealing and destroying of everything good YOU desire to bring to my life.',30,NULL,17,'we have not been given a spirit of fear, but of a sound mind.',NULL),(671,'Armor On!','Find verses that sync with the particular piece of armor and integrate into this section.','Rom. 12:21','May I not be overcome with evil, but overcome evil with good.',31,NULL,17,'Put on the armor of God.',NULL),(672,'Journal','On that night the king could not sleep. And he gave orders to bring the book of memorable deeds, the chronicles, and they were read before the king.','Ester 6:1',NULL,32,NULL,17,'Journal what You said to me today:',NULL),(673,'Benidiction for my day','I should not be anxious about anything, but in everything by prayer & supplication with thanksgiving I will make my requests be made known to YOU. & YOUR peace, which surpasses all understanding, will guard my heart & mind in Christ Jesus. PRAYER-worry+THANKS=PEACE Phil 4:6, 7',NULL,NULL,33,NULL,17,NULL,NULL),(674,'Music with meaning.','I\'m will give to YOU the thanks due to YOUR righteousness, and I will sing praise to YOUR name, the Most High.','Psalm 7:17',NULL,34,NULL,17,'Music is God\'s gift to man, the only art of Heaven given to earth, the only art of earth we take to Heaven. Walter Savage Landor','https://www.youtube.com/playlist?list=PLZdpE0NYhNb8oTRuuAgPt6OG0SuWcMZUK'),(675,'Pray for specific people.',NULL,NULL,'Customer user input will soon be available here.',35,NULL,17,'Who would you have me pray for right now? (fill names in below)',NULL),(676,'Forgivness','I release all rights I have for bitterness & hurt against anyone that wronged me. I offer those hurts to YOU as a sacrifice of faith & praise for the forgiveness YOU offered me.',NULL,NULL,36,NULL,17,NULL,NULL),(677,'My List',NULL,NULL,NULL,37,NULL,17,'This will be a list of people I am praying for.',NULL),(678,'Worship & Praise -YOUR Name',NULL,'Matthew 6:9',NULL,38,NULL,17,'I exalt & glorify YOUR holy Name:',NULL),(679,'Replace my way with YOUR way, I receive:',NULL,NULL,'Custom user input will soon be available here.',39,NULL,17,NULL,NULL),(680,'Personal Requests',NULL,NULL,NULL,40,NULL,17,'list burdens & concerns I am praying for:',NULL),(681,'Daily Attitude of my Heart - Sacrifice','Help me to be an imitator of YOU, as YOUR beloved child. I will walk in agape love, as YOU JESUS loved me and gave YOUself up for me, a fragrant offering and sacrifice to God the FATHER.','Ephesians 5:1-2',NULL,1,NULL,18,'I present myself as a living sacrifice, Spirit fill & use me today.',NULL),(682,'Daily Attitude of my Heart - Focus','I would rather choose to endure ill-treatment with YOUR people than to enjoy the passing pleasures of sin in my life today because sin will create trauma in me & those around me & cost me far too much.','Heb 11:25',NULL,2,NULL,18,'I give up my right to have my life centered on myself.',NULL),(683,'Daily Attitude of my Heart - Obey','YOU will render to each one according to his works: if I am patient in well-doing and seek for glory, honor & immortality, YOU will give eternal life; but if I am self-seeking & do not obey YOUR truth, but obey unrighteousness, there will be wrath & fury.','Romans 2:6-8',NULL,3,NULL,18,NULL,NULL),(684,'Daily Attitude of my Heart - Thoughts','It fills YOU with joy when I am of the same mind with other beleivers, maintaining the same love, united in spirit, intent on one purpose. I should do nothing from selfishness or empty conceit, but with humility of my mind regard others as more important than myself; I should not merely look out for my own personal interests, but also for the interests of others.','Philippians 2:2-8','Take thoughts & feelings captive.',4,NULL,18,'My thoughts stir up my emotions; my emotions then influence desires. Desires are what produce my actions. This is why I need to go after ungodly thoughts immediatly & pray them specifically over to YOU.',NULL),(685,'My Father in Heaven','Which of you, if his child asks for bread, will give them a stone? Or if they ask for a fish, will give them a snake? If you, though you are evil, know how to give good gifts to your children, how much more will your Father in heaven give good gifts to those who ask him!','Matt 7:9-11',NULL,5,NULL,18,NULL,NULL),(686,'I exalt & glorify YOUR holy Name','As YOU are there for me, help me be there for those depending on me today. Thank YOU for YOUR presence.',NULL,NULL,6,NULL,18,'YOU are: Jehovah Shammah: The Lord who is There',NULL),(687,'YOUR Nature','From the rising of the sun to its setting YOUR name is great among the nations.','Mal 1:11',NULL,7,NULL,18,'I worship because of YOUR: Powerful name',NULL),(688,'Scripture reading',NULL,'Psalms',NULL,8,NULL,18,'Read 1 Chapter in the Psalms',NULL),(689,'Yeild to YOU','YOUR Kingdom come (act of waiting & longing for my real home), YOUR will, (timing & desire) be done on earth & in my life as it is in Heaven.','Mat 6:10',NULL,9,NULL,18,'Guide me in a great adventure for YOUR glory today.',NULL),(690,'Wait on YOU','Listen to me in silence, O coastlands; let the peoples renew their strength; let them approach, then let them speak; let us together draw near for judgment.','Isaiah 41:1 ESV',NULL,10,NULL,18,'God I long to hear from YOU.',NULL),(691,'Recognize my sin & idoltry','But the things that proceed out of my mouth come from my heart, and it defiles me.','Matthew 15:18-20',NULL,11,NULL,18,'There is great power released when we worship God in spirit and in truth. Let’s commit to a journey of throwing off any falsehoods we may have picked up along the way and rediscover God as He is. When we do, we will discover a faith more powerful than all the counterfeits in the world.',NULL),(692,'Recognize & replace','Put on: SUBMISSION.  I have confidence in my leaders and I submit to their authority, because they keep watch over me as they must give an account. I do this so that their work will be a joy, not a burden, for that would be of no benefit to me.','Heb 13:17','Idolatry??? is it in my life??',12,NULL,18,'Put off: REBELLION   For rebellion is like the sin of witchcraft, and arrogance like the evil of idolatry. Help me never to reject the word of the Lord. 1 Sam 15:23',NULL),(693,'Repent','YOUR mercy is for those who fear YOU from generation to generation.','Luke 1:50 ESV',NULL,13,NULL,18,'I will produce fruit in keeping with repentance. Matthew 3:8',NULL),(694,'Release','Treasures of wickedness profit nothing, But righteousness delivers from death. The LORD will not allow the righteous soul to famish, But He casts away the desire of the wicked.','Proverbs 10:2-3 NKJV',NULL,14,NULL,18,'YOU wrote to me as a dear child, because my sins have been forgiven on the account of YOUR name.  1 John 2:12',NULL),(695,'Scripture reading',NULL,'Proverbs',NULL,15,NULL,18,'Read 1 Chapter in the Proverbs',NULL),(696,'Pray for One Another','May we may walk in a manner worthy of YOU, fully pleasing & desiring to please YOU in all things, bearing fruit in every good work & steadily growing & increasing in the knowledge of YOU.','Ephesians 5:21','So I will submit to others.',16,NULL,18,'I will submit to others out of my reverence for YOU.',NULL),(697,'Pray for salvation of others',NULL,NULL,NULL,17,NULL,18,NULL,NULL),(698,'Spouse',NULL,'Jer 29:11',NULL,18,NULL,18,'Hope - For YOU know the plans YOU have for us Lord, plans for welfare and not for evil, to give us hope and a future.',NULL),(699,'Kids in my life (current or future).','For my children help them find YOUR HUMILITY -Let nothing be done from rivalry or conceit, but in humility count others more significant than ourselves. Let each of us look not only to our own interests, but also to the interests of others.','Phil. 2:3, 4',NULL,19,NULL,18,'For all the kids, may they love YOU intimately & serve YOU faithfully all the days of their lives.',NULL),(700,'Pray for:','I am praying to YOU, the Lord of the harvest, that YOU will send labourers into his harvest.','Matthew 9:38','Vernon Smith, Dave Jones, OTAN pastors, Mitch Calmies',20,NULL,18,'missionaries',NULL),(701,'Scripture reading',NULL,'OT',NULL,21,NULL,18,'Read 1 Chapter in the OT',NULL),(702,'Personal -Blessings','Let YOUR saving help be my shield; YOUR help has made me great.','2 Samuel 22:36',NULL,22,NULL,18,'Give me today my daily bread, like the manna came daily with no worry for tomorrow.',NULL),(703,'Personal -specific issues','Answer me when I call, O God of my righteousness! You have given me relief when I was in distress. Be gracious to me and hear my prayer!  But know that the Lord has set apart the godly for himself; the Lord hears when I call to him. ‭‭','Psalms‬ ‭4:1, 3‬ ‭ESV‬‬','I would like to cast on YOU now the following issues that I personally need YOU to deal with in my day today: 1 Pet 5:6-12',23,NULL,18,NULL,NULL),(704,'Personal -$$','I will be diligent to know the state of my flocks, and attend to my herds. In other words, I will have a budget and follow it, check it regularly and be a good steward over the resources entrusted to me.','Proverbs 27:23',NULL,24,NULL,18,'Help me manage the resources YOU have given me stewardship over according to YOUR truth.',NULL),(705,'Personal -power of my words','If my brother or sister in the faith sins, I should lovingly go and point out their fault, just between the two of us. If they listen to me, I have won them over.','Matthew 18:15',NULL,25,NULL,18,'If you wouldn\'t write it and sign it, don\'t say it. --Earl Wilson',NULL),(706,'Personal -Who am I?','YOU redeemed me from the curse of the law by becoming a curse for me--for it is written, \"Cursed is everyone who is hanged on a tree\"','Gal 3:13','Remind me WHO I AM because of YOU JESUS:',26,NULL,18,'Remind me who I am because of YOU, YOUR child redeemed from the curse of the law',NULL),(707,'My Life Purpose','For YOU say, “In a favorable time I listened to you, and in a day of salvation I have helped you.” Behold, now is the favorable time; behold, now is the day of salvation.','2Cor 6:2','When shall I do it?',27,NULL,18,NULL,NULL),(708,'Thanks','Behold, YOU are my salvation; I will trust, & will not be afraid; for YOU are my strength & my song, & YOU are my salvation.\" With joy, I will draw water from the wells of salvation. & I will say in that day: \"Give thanks to YOU, call upon YOUR name, make known YOUR deeds among the people, proclaim that YOUR name is exalted. \"Sing praises to YOU, for YOU have done gloriously; let this be made known in all the earth.','Is 12:2-5',NULL,28,NULL,18,NULL,NULL),(709,'Scripture reading',NULL,'NT',NULL,29,NULL,18,'Read 1 Chapter in the NT',NULL),(710,'Warfare','Help me identify any demonic activity that is oppressing my life in JESUS name.','Exodus 14:13‭-‬14 ESV','May I not face tempation today and deliver me from the enemy that seeks to lie to me and get me to cooperate with the killing, stealing and destroying of everything good YOU desire to bring to my life.',30,NULL,18,'And Moses said to the people, \"Fear not, stand firm, and see the salvation of the Lord , which he will work for you today. For the Egyptians whom you see today, you shall never see again. The Lord will fight for you, and you have only to be silent.\"',NULL),(711,'Armor On!','Cloth me with YOUR whole armor as I remember that the name of the Lord is a strong tower; The righteous runs to it and is safe, set on high [far above evil]. Pr. 18:10','Rev.12:11','I conquer the enemy by the blood of the Lamb, JESUS Christ, and by the word of my testimony, for I love not my life even unto death.',31,NULL,18,'Put on the armor of God.',NULL),(712,'Journal','I will meditate on your precepts and fix my eyes on your ways.','Ps 119:15',NULL,32,NULL,18,'Journal what You said to me today:',NULL),(713,'Benidiction for my day','YOU told me what is good for me & what YOU require of me. I need to do justice, love kindness, & to walk humbly with YOU.',NULL,NULL,33,NULL,18,NULL,NULL),(714,'Music with meaning.','I will sing to YOU; I will make a joyful noise to the rock of my salvation! I will come into YOUR presence with thanksgiving; I will make a joyful noise to YOU with songs of praise!','Psalm 95:1-2',NULL,34,NULL,18,NULL,'https://www.youtube.com/playlist?list=PLZdpE0NYhNb8oTRuuAgPt6OG0SuWcMZUK'),(715,'Pray for specific people.',NULL,NULL,'Customer user input will soon be available here.',35,NULL,18,'Who would you have me pray for right now? (fill names in below)',NULL),(716,'Forgivness','Forgive me of my sins in the EXACT SAME WAY I forgive those I feel have wronged me.',NULL,NULL,36,NULL,18,NULL,NULL),(717,'My List',NULL,NULL,NULL,37,NULL,18,'This will be a list of people I am praying for.',NULL),(718,'Worship & Praise -YOUR Name',NULL,'Matthew 6:9',NULL,38,NULL,18,'I exalt & glorify YOUR holy Name:',NULL),(719,'Replace my way with YOUR way, I receive:',NULL,NULL,'Custom user input will soon be available here.',39,NULL,18,NULL,NULL),(720,'Personal Requests',NULL,NULL,NULL,40,NULL,18,'list burdens & concerns I am praying for:',NULL),(721,'Daily Attitude of my Heart - Sacrifice','May this mind be in me, which is in Christ Jesus, who, though HE was in the form of God, did not count equality with God a thing to be grasped, but made HIMself nothing, taking the form of a servant, being born in the likeness of men. And being found in human form, HE humbled himself by becoming obedient to the point of death, even death on a cross.','Philippians 2:5-8',NULL,1,NULL,19,'I present myself as a living sacrifice, Help me life in the power of your grace today JESUS',NULL),(722,'Daily Attitude of my Heart - Focus','I am willing to leave my own plan & follow YOUR plan alone.','Matt 19:27',NULL,2,NULL,19,NULL,NULL),(723,'Daily Attitude of my Heart - Obey','I show YOU my sincere love by keeping YOUR commandments, and they are not a burden.',NULL,NULL,3,NULL,19,'Read more: https://www.christianquotes.info/quotes-by-author/dwight-l-moody-quotes/#ixzz5NLKsYVEC',NULL),(724,'Daily Attitude of my Heart - Thoughts','I choose to be anxious for nothing, but in everything by prayer & supplication with thanksgiving I will let my requests be made known to YOU so YOUR peace, which surpasses all comprehension, will guard my heart & mind in Christ Jesus.','Philippians 4:6-7','Take thoughts & feelings captive.',4,NULL,19,'I arrest all negative thoughts and turn them over to YOUR custody .',NULL),(725,'My Father in Heaven','How great is the love the Father has lavished on me, that I should be called a child of God! And that is who I am!','1Jn 3:1',NULL,5,NULL,19,'Thank YOU for adopting me into YOUR forever family because of my faith in JESUS.',NULL),(726,'I exalt & glorify YOUR holy Name','JESUS gave me HIS robes of righteousness to cover my failures. I am holy and acceptable because YOU have made me that way through my faith in JESUS as my Lord and Savior.',NULL,NULL,6,NULL,19,'YOU are: JEHOVAH TSIDKENU: \"The Lord Our Righteousness\"',NULL),(727,'YOUR Nature','Answer me LORD in the day of my trouble! May the name of the God of Jacob protect me! May he grant me my heart\'s desire & fulfill all my plans!','Ps 20:1, 4',NULL,7,NULL,19,'I worship because YOU are: My Protector & Rewarder',NULL),(728,'Scripture reading',NULL,'Psalms',NULL,8,NULL,19,'Read 1 Chapter in the Psalms',NULL),(729,'Yeild to YOU','YOUR Kingdom come, YOUR will be done on earth & in my life as quickly & completely as it is in Heaven.','Mat 6:10',NULL,9,NULL,19,'There is no eternal point in my efforts unless YOU are doing the work. My best ideas are as filthy rags!',NULL),(730,'Wait on YOU','The Lord is good to those who wait for him, to the soul who seeks him.','Lamentations 3:25 ESV',NULL,10,NULL,19,'I am waiting & consciously pausing so YOU can take the lead today.',NULL),(731,'Recognize my sin & idoltry','And YOU said, \"That which proceeds out of the man, that is what defiles the man. \"For from within, out of the heart of men, proceed the evil thoughts, fornications, thefts, murders, adulteries, deeds of coveting and wickedness, as well as deceit, sensuality, envy, slander, pride and foolishness.','Mark 7:20-23',NULL,11,NULL,19,'Remember, faith is only as powerful as the one it is placed in. Let’s make sure our faith is in the eternal God who is forever praised and not just another we call by the same name.',NULL),(732,'Recognize & replace','Put on: CONTENTMENT.  But if I have food and clothing, I am content with that.','1Tim 6:8','Break my heart with what breaks YOURS.',12,NULL,19,'Put off: DISCONTENT   I will keep my life free from the love of money and be content with what I have, because YOU said, YOU will never leave me nor forsake me. Heb 13:5',NULL),(733,'Repent','Oh, fear the Lord, you his saints, for those who fear him have no lack!','Psalm 34:9 ESV',NULL,13,NULL,19,'When I am broken hearts for hurting YOUR heart that is Godly sorrow brings repentance and leads to salvation and leaves no regret, but worldly sorrow brings death.  2 Corinthians 7:10',NULL),(734,'Release','The heart of the righteous studies how to answer, But the mouth of the wicked pours forth evil. The LORD is far from the wicked, But He hears the prayer of the righteous.','Proverbs 15:28-29 NKJV',NULL,14,NULL,19,'Great are my sins that have been forgiven. That\'s why great love I will show. But whoever has been forgiven little loves little.  Luke 7:47',NULL),(735,'Scripture reading',NULL,'Proverbs',NULL,15,NULL,19,'Read 1 Chapter in the Proverbs',NULL),(736,'Pray for One Another','I pray that we may be invigorated & strengthened with all power according to the might of YOUR glory, to exercise every kind of endurance & patience perseverance & forbearance with joy, giving thanks to YOU, who has qualified & made us fit to share the portion which is the inheritance of the saints, God\'s holy people, in the Light.','Rom 15:7: 14:1','So I will be accepting.',16,NULL,19,'I will accept others just as Christ accepted me.',NULL),(737,'Pray for salvation of others',NULL,NULL,NULL,17,NULL,19,NULL,NULL),(738,'Spouse',NULL,'Phil 2:3, 4',NULL,18,NULL,19,'Humility - We must do nothing from selfish ambition or conceit, but in humility count each other more significant than ourselves. Let us look not only to our own interests, but also to the interests of each other.',NULL),(739,'Kids in my life (current or future).','For my children help them find YOUR INTEGRITY -As we walk in integrity we walk securely, but he who makes his ways crooked will be found out.','Pr. 10:9',NULL,19,NULL,19,'For all the kids, may they find their identity & worth in YOU.',NULL),(740,'Pray for:',NULL,NULL,NULL,20,NULL,19,'Peace of Jerusalem',NULL),(741,'Scripture reading',NULL,'OT',NULL,21,NULL,19,'Read 1 Chapter in the OT',NULL),(742,'Personal -Blessings','In peace I will lie down and sleep, for YOU alone, Lord, make me dwell in safety.','Psalm 4:8',NULL,22,NULL,19,'Give me today my daily bread, like manna, sufficient for today with no worry for tomorrow.',NULL),(743,'Personal -specific issues','Simon Peter replied, “You are the Christ, the Son of the living God.” And I tell you, you are Peter, and on this rock I will build my church, and the gates of hell shall not prevail against it. I will give you the keys of the kingdom of heaven, and whatever you bind on earth shall be bound in heaven, and whatever you loose on earth shall be loosed in heaven.','‭‭Matthew‬ ‭16:16, 18-19‬ ‭ESV‬‬','I humble myself under YOUR mighty Hand & cast up to YOU these specific matters, becasue I know YOU care for me. 1 Pet 5:6-13',23,NULL,19,NULL,NULL),(744,'Personal -$$','Because of the gifts I have given to assit in the spread of YOUR gospel, YOU will increase fruit to my credit. My giving is a fragrant offering, a sacrifice acceptable and pleasing to YOU and as a result, YOU will supply every need of mine according to YOUR riches in glory in Christ Jesus.','Philippians‬ ‭4:17-19‬',NULL,24,NULL,19,'Help me manage the resources YOU have given me stewardship over according to YOUR truth.',NULL),(745,'Personal -power of my words','And when I pray, do not keep babbling like pagans, for they think they will be heard because of their many words.','Matthew 6:7',NULL,25,NULL,19,'Don\'t speak unless you can improve on the silence. --Spanish Proverb',NULL),(746,'Personal -Who am I?','JESUS, YOU are the true vine and our Father is the gardener. YOU are the vine; I am the branches. If I remain in YOU and YOU in me, I will bear much fruit because apart from YOU I can accomplish nothing.','John 15:1, 5','Remind me WHO I AM because of YOU JESUS:',26,NULL,19,'I am a branch of the true vine, and a conduit of Christ’s life.',NULL),(747,'My Life Purpose',NULL,NULL,NULL,27,NULL,19,NULL,NULL),(748,'Thanks','Riches & honor come from YOU, & YOU rule over all. In YOUR hand are power & might, & it\'s in YOUR hand to make great & to give strength to me. Now I thank YOU & praise YOUR glorious name.','1 Chron 29:12, 13',NULL,28,NULL,19,NULL,NULL),(749,'Scripture reading',NULL,'NT',NULL,29,NULL,19,'Read 1 Chapter in the NT',NULL),(750,'Warfare','Show me any enemy strongholds that are in my lief and cast them down to utter destruction in JESUS name.','1 Peter 5:8‭-‬9 ESV','May I not face tempation today and deliver me from the enemy that seeks to lie to me and get me to cooperate with the killing, stealing and destroying of everything good YOU desire to bring to my life.',30,NULL,19,'Be sober-minded; be watchful. Your adversary the devil prowls around like a roaring lion, seeking someone to devour. Resist him, firm in your faith, knowing that the same kinds of suffering are being experienced by your brotherhood throughout the world.',NULL),(751,'Armor On!','Cloth me with YOUR whole armor, so that I may be able to stand up against all the schemes, strategies and the deceits of the devil.','1 Tim. 6:12','Fight the good fight of the faith. Take hold of the eternal life to which you were called when you made your good confession in the presence of many witnesses.',31,NULL,19,'Put on the armor of God.',NULL),(752,'Journal','YOU told John, “Write what you see in a book and send it to the seven churches...','Rev 1:11',NULL,32,NULL,19,'Journal what You said to me today:',NULL),(753,'Benidiction for my day','May the grace of the Lord Jesus Christ, and the love of God, and the fellowship of the Holy Spirit be with you all. grace-power, love-acceptance, fellowship-baptism','2 Cor 13:14',NULL,33,NULL,19,NULL,NULL),(754,'Music with meaning.','May YOUR word dwell in me richly, teaching and admonishing others in all wisdom, singing psalms, hymns and spiritual songs, with thankfulness in my heart to YOU.','Colossians 3:16',NULL,34,NULL,19,'Listen to songs that draw me close to YOU all day.','https://www.youtube.com/playlist?list=PLZdpE0NYhNb8oTRuuAgPt6OG0SuWcMZUK'),(755,'Pray for specific people.',NULL,NULL,'Customer user input will soon be available here.',35,NULL,19,'Who would you have me pray for right now? (fill names in below)',NULL),(756,'Forgivness','Forgive me my sins in the exact same way & to the exact same extent as I forgive those that have offened me.',NULL,NULL,36,NULL,19,NULL,NULL),(757,'My List',NULL,NULL,NULL,37,NULL,19,'This will be a list of people I am praying for.',NULL),(758,'Worship & Praise -YOUR Name',NULL,'Matthew 6:9',NULL,38,NULL,19,'I exalt & glorify YOUR holy Name:',NULL),(759,'Replace my way with YOUR way, I receive:',NULL,NULL,'Custom user input will soon be available here.',39,NULL,19,NULL,NULL),(760,'Personal Requests',NULL,NULL,NULL,40,NULL,19,'list burdens & concerns I am praying for:',NULL),(761,'Daily Attitude of my Heart - Sacrifice','YOU Lord my God, brought me up out of the bondage of sin. I open my mouth wide, and YOU will fill it. Help me not be like the Isrealietes in the wilderness who did not listen to YOUR voice; they would not submit to YOU. So YOU gave them over to their stubborn hearts, to follow their own counsels.','Psalms 81:10-12',NULL,1,NULL,20,'I present myself as a living sacrifice, FATHER may your love flow to and through me.',NULL),(762,'Daily Attitude of my Heart - Focus','Help me deny ungodliness & worldly desires & live sensibly, righteously & godly today, looking for the blessed hope & the appearing of the glory of our great God & Savior, Christ Jesus.','Titus 2:12-13',NULL,2,NULL,20,'I choose to deny my self life today because YOUR way is better.',NULL),(763,'Daily Attitude of my Heart - Obey','Let no one deceive me with empty words, for because of these things the wrath of God comes upon the sons of disobedience.','Ephesians 5:6',NULL,3,NULL,20,NULL,NULL),(764,'Daily Attitude of my Heart - Thoughts','I am afraid that as the serpent deceived Eve by his cunning, my thoughts will be led away from a sincere and pure devotion to Christ. Keep me from that disaster! ‭‭','2 Corinthians‬ ‭11:3‬','Take thoughts & feelings captive.',4,NULL,20,'If we don\'t take those ungodly thoughts captive moment by moment, they take us captive.',NULL),(765,'My Father in Heaven','Like the prodical son, sharpen my senses when I fail to always head back to my Heavenly Father.','Lk 15:17',NULL,5,NULL,20,'YOU are the father that never fails me.',NULL),(766,'I exalt & glorify YOUR holy Name','After David pondered his relationship as a shepherd to his sheep, he realized that was exactly the relationship God had with him, and so he declares, “Yahweh-Rohi is my Shepherd. I shall not want”.','Psalm 23:1',NULL,6,NULL,20,'YOU are: JEHOVAH-ROHI: The Lord is my Shepherd. YOUR rod & staff comfort me.',NULL),(767,'YOUR Nature','Because I hold fast to YOU in love, YOU will deliver me; YOU will protect me, because I know YOUR name. When I call to YOU, YOU will answer me; YOU will be with me in trouble; YOU will rescue me & honor me. With long life YOU will give me & show me YOUR salvation.','Ps 91:14-16',NULL,7,NULL,20,'I worship because YOU are: YOU are my Deliverer',NULL),(768,'Scripture reading',NULL,'Psalms',NULL,8,NULL,20,'Read 1 Chapter in the Psalms',NULL),(769,'Yeild to YOU','May YOUR Kingdom, which is my true home, come soon and YOUR will be done on earth & in my life as quickly & completely as it is in Heaven.','Mat 6:10',NULL,9,NULL,20,'Am I pushing forward in my life on my own or letting YOU take the lead and set the pace?',NULL),(770,'Wait on YOU','“So you, by the help of your God, return, hold fast to love and justice, and wait continually for your God.”','Hosea 12:6 ESV',NULL,10,NULL,20,'I am waiting & consciously pausing so YOU can take the lead today.',NULL),(771,'Recognize my sin & idoltry','and I said, \"O my God, I am ashamed and embarrassed to lift up my face to YOU, my God, for my iniquities have risen above my head and my guilt has grown even to the heavens.','Ezra 9:6',NULL,11,NULL,20,'https://www.charismamag.com/life/women/24287-lisa-bevere-points-out-this-often-overlooked-form-of-idolatry',NULL),(772,'Recognize & replace','Put on: ZEAL.  Those whom YOU love YOU rebuke and discipline. So I will be earnest and repent.','Rev 3:19','Let this mind be in you, which was also in Christ Jesus. Philippians 2:5',12,NULL,20,'Put off: COMPLACENCY   Based on recent actions and words, is my life hot or cold in my relationship with YOU? May I be anything other than lukewarm! Rev 3:15',NULL),(773,'Repent','Fear not, for I am with you; be not dismayed, for I am your God; I will strengthen you, I will help you, I will uphold you with my righteous right hand.','Isaiah 41:10 ESV',NULL,13,NULL,20,'Wash away all my iniquity and cleanse me from my sin.  Psalm 51:2',NULL),(774,'Release','The name of the LORD is a strong tower; The righteous run to it and are safe.','Proverbs 18:10 NKJV',NULL,14,NULL,20,'In YOU I have redemption through YOUR blood JESUS, the forgiveness of sins, in accordance with the riches of YOUR grace.  Ephesians 1:7',NULL),(775,'Scripture reading',NULL,'Proverbs',NULL,15,NULL,20,'Read 1 Chapter in the Proverbs',NULL),(776,'Pray for One Another','Thank YOU for delivering & drawing us to YOURself out of the control & the dominion of darkness & transferring us into the Kingdom of YOUR Son, in whom we have our redemption through JESUS\' blood, the forgiveness of our sins.','Colossians 3:16','So I will admonish others.',16,NULL,20,'Lord, let YOUR word dwell in us richly as we teach and admonish each other with all wisdom.',NULL),(777,'Pray for salvation of others',NULL,NULL,NULL,17,NULL,20,NULL,NULL),(778,'Spouse',NULL,'Prov 10:9',NULL,18,NULL,20,'Integrity -If we walk in integrity, we walk securely, but if our ways are crooked they will be found out.',NULL),(779,'Kids in my life (current or future).','For my children help them find YOUR JOY -The joy of the LORD is our strength. The fullness of joy is found in YOUR presence.','Neh. 8:10',NULL,19,NULL,20,'For all the kids, may their spouses, current & those to come, be strong believers drawing them closer to YOU & be full of love for the larger family unit.',NULL),(780,'Pray for:','May I honor my father and mother not because of their actions but because of their position as this is the first commandment with a promise that it may go well with me and that I may enjoy long life on the earth.','Ephesians 6:2-3','Buddy and Cindy',20,NULL,20,'Parents',NULL),(781,'Scripture reading',NULL,'OT',NULL,21,NULL,20,'Read 1 Chapter in the OT',NULL),(782,'Personal -Blessings','Lead me, Lord, in YOUR righteousness because of my enemies. Make YOUR way straight before me.','Psalm 5:8',NULL,22,NULL,20,'Give me today my daily bread like manna, all I need, with no worry for tomorrow.',NULL),(783,'Personal -specific issues',NULL,NULL,'I would like to cast on YOU now the following issues that I personally need YOU to deal with in my day today: 1 Pet 5:6-13',23,NULL,20,NULL,NULL),(784,'Personal -$$','Dishonest money dwindles away, but whoever gathers money little by little makes it grow.','Proverbs 13:11',NULL,24,NULL,20,'Help me manage the resources YOU have given me stewardship over according to YOUR truth.',NULL),(785,'Personal -power of my words','Sin is not ended by multiplying words, but if I want to be prudent I should hold my tongue.','Proverbs 10:19',NULL,25,NULL,20,'A hotheaded woman told John Wesley, \"My talent is to speak my mind.\" Replied Mr. Wesley, \"Woman, God wouldn\'t care a bit if you would bury that talent.\"',NULL),(786,'Personal -Who am I?','YOU no longer call me a slaves, because the slave does not understand what his master is doing. But YOU have called me YOUR friend, because YOU have revealed to me everything YOU heard from YOUR Father.','John 15:15','Remind me WHO I AM because of YOU JESUS:',26,NULL,20,'I am a friend of Jesus',NULL),(787,'My Life Purpose','And I know that for those who love YOU, all things work together for good, for those YOU called according to YOUR purpose.','Romans 8:28','what are my governing values?',27,NULL,20,NULL,NULL),(788,'Thanks','Praise the Lord! Oh give thanks to YOU, for YOU are good, for YOUR steadfast love endures forever!','Psalm 106:1',NULL,28,NULL,20,NULL,NULL),(789,'Scripture reading',NULL,'NT',NULL,29,NULL,20,'Read 1 Chapter in the NT',NULL),(790,'Warfare','In JESUS name show me if I have opened the door for curses to be active on my life from past sinful behavior or patricipation in something of which I am unaware.','1 Peter 2:11 ESV','May I not face tempation today and deliver me from the enemy that seeks to lie to me and get me to cooperate with the killing, stealing and destroying of everything good YOU desire to bring to my life.',30,NULL,20,'Beloved, I urge you as sojourners and exiles to abstain from the passions of the flesh, which wage war against your soul.',NULL),(791,'Armor On!','Today I choose to put on the complete armor of God, so that I will be able to successfully resist and stand my ground today, and having done everything that today demands, to stand firm in place, fully prepared, immovable, victorious!','Matt. 16:18','On the rock of believing and confessing YOU JESUS as savior and son of the living God YOU will build YOUR church, and the gates of hell shall not prevail against it.',31,NULL,20,'Put on the armor of God.',NULL),(792,'Journal','YOUR word Lord shall be on my heart. I will teach them diligently to my children, and shall talk of them when I sit in my house, and when I walk by the way, and when I lie down, and when I rise. I will bind them as a sign on my hand, and they shall be as frontlets between my eyes. I will write them on the doorposts of my house and on my gates. So, regarding Scripture I will teach them, talk about them, bind them on me, write them down.','Deut 6:6-9',NULL,32,NULL,20,'Journal what You said to me today:',NULL),(793,'Benidiction for my day','For I, as YOUR son & ambassador recognize that my life is all about YOUR kingdom, power, & glory, for ever.','Matthew 6:13',NULL,33,NULL,20,NULL,NULL),(794,'Music with meaning.','Praise the Lord! For it is good that I should sing praises to YOU; it is pleasant, and a song of praise is fitting.','Psalm 147:1',NULL,34,NULL,20,NULL,'https://www.youtube.com/playlist?list=PLZdpE0NYhNb8oTRuuAgPt6OG0SuWcMZUK'),(795,'Pray for specific people.',NULL,NULL,'Customer user input will soon be available here.',35,NULL,20,'Who would you have me pray for right now? (fill names in below)',NULL),(796,'Forgivness','Forgive my sins in the same way & to the same degree as I forgive those that I feel have wronged and hurt me.',NULL,NULL,36,NULL,20,NULL,NULL),(797,'My List',NULL,NULL,NULL,37,NULL,20,'This will be a list of people I am praying for.',NULL),(798,'Worship & Praise -YOUR Name',NULL,'Matthew 6:9',NULL,38,NULL,20,'I exalt & glorify YOUR holy Name:',NULL),(799,'Replace my way with YOUR way, I receive:',NULL,NULL,'Custom user input will soon be available here.',39,NULL,20,NULL,NULL),(800,'Personal Requests',NULL,NULL,NULL,40,NULL,20,'list burdens & concerns I am praying for:',NULL),(801,'Daily Attitude of my Heart - Sacrifice','Help me have the wisdom to rejoice in my sufferings, knowing that suffering produces endurance, endurance produces character, character produces hope, and hope does not put me to shame, because YOUR love has been poured into my heart through the Holy Spirit who has been given to me. (recipe for hope: suffering, endurance, character=HOPE!) SO, hang in there, don\'t ever quit.',NULL,NULL,1,NULL,21,'I present myself as a living sacrifice, Spirit fill & use me today.',NULL),(802,'Daily Attitude of my Heart - Focus','Help me prioritize YOUR agenda ahead of mine completely like Peter did when he recalled, \"Behold, we have left everything & followed You.\"','Mk 10:28',NULL,2,NULL,21,NULL,NULL),(803,'Daily Attitude of my Heart - Obey','Servants, obey in everything those who are your earthly masters, not by way of eye-service, as people-pleasers, but with sincerity of heart, fearing the Lord.','Col 3:22',NULL,3,NULL,21,NULL,NULL),(804,'Daily Attitude of my Heart - Thoughts','I will make my eyes look directly ahead & my gaze be fixed straight in front of YOU.','Proverbs 4:25','Take thoughts & feelings captive.',4,NULL,21,NULL,NULL),(805,'My Father in Heaven','I look at the birds of the air; they do not sow or reap or store away in barns, and yet YOU, my heavenly Father feeds them. I am so much more valuable to YOU than they!','Matt 6:26',NULL,5,NULL,21,NULL,NULL),(806,'I exalt & glorify YOUR holy Name','The Lord greeted Gideon in peace, so he built an altar and named it \"The LORD is Peace\" (see Judges 6:23-24). You have probably heard the blessing \"Shalom\" from Jewish friends and acquaintances. It means peace. More importantly it means the Lord, our peace. Where does the Shepherd lead His sheep? Beside peaceful, still waters. \"He leads me beside the still waters; He makes me lie down in green pastures\". When your heart is content, you are at peace. And where does that contentment come from? The grace of God. There\'s no man more discontent than one who is not experiencing the amazing grace of God. Only in Jesus, will you find security, sufficiency, and serenity.','Psalm 23:2',NULL,6,NULL,21,'YOU are: YAHWEH-SHALOM: \"The Lord Our Peace\" (In hard times, good times, and in the waiting, unknown times.)',NULL),(807,'YOUR Nature','I know YOUR name and I put my trust in YOU, for YOU, O LORD, have not forsaken me who seek you.','Ps 9:10',NULL,7,NULL,21,'I worship because YOU are: Attentive to me',NULL),(808,'Scripture reading',NULL,'Psalms',NULL,8,NULL,21,'Read 1 Chapter in the Psalms',NULL),(809,'Yeild to YOU','YOUR Kingdom come, YOUR will be done on earth & in my life as it is in Heaven.','Mat 6:10',NULL,9,NULL,21,'Guide me in a great adventure for YOUR glory today.',NULL),(810,'Wait on YOU','Wait for the Lord and keep his way, and he will exalt you to inherit the land; you will look on when the wicked are cut off.','Psalm 37:34 ESV',NULL,10,NULL,21,'I am waiting & consciously pausing so YOU can take the lead on my life today.',NULL),(811,'Recognize my sin & idoltry','Righteousness exalts a nation, But sin is a disgrace to any people.','Proverbs 14:34',NULL,11,NULL,21,'There is nothing so abominable in the eyes of God and of men as idolatry, whereby men render to the creature that honor which is due only to the Creator. Blaise Pascal',NULL),(812,'Recognize & replace','Put on: PATIENCE.  I will persevere so that when I have done YOUR will, I will receive what YOU have promised.','Heb 10:36',NULL,12,NULL,21,'Put off: IMPATIENCE   I will consider it pure joy whenever I face trials of many kinds, because I know that the testing of my faith produces perseverance. Let perseverance finish its work so that I may be mature and complete, not lacking anything. Jam 1:2-4',NULL),(813,'Repent','The fear of the Lord leads to life, and whoever has it rests satisfied; he will not be visited by harm.','Proverbs 19:23 ESV',NULL,13,NULL,21,'What I have received and heard; I will hold it fast, and repent. But if I will not wake up, YOU will come like a thief, and I will not know at what time YOU will come to me.  Revelation 3:3',NULL),(814,'Release','He who follows righteousness and mercy Finds life, righteousness and honor.','Proverbs 21:21 NKJV',NULL,14,NULL,21,'I will cast my cares on YOU and YOU will sustain me; YOU will never let the righteous be shaken.  Psalm 55:22',NULL),(815,'Scripture reading',NULL,'Proverbs',NULL,15,NULL,21,'Read 1 Chapter in the Proverbs',NULL),(816,'Pray for One Another','Finally, brothers, rejoice. Aim for restoration, comfort one another, agree with one another, live in peace; and the God of love and peace will be with you. Greet one another with a holy kiss. All the saints greet you. The grace of the Lord Jesus Christ and the love of God and the fellowship of the Holy Spirit be with you all. 2 Corinthians 13:11-14',NULL,'So I will be agreeable.',16,NULL,21,'I need to be agreeable with others so that there may be no divisions among us. 1 Corinthians 1:10',NULL),(817,'Pray for salvation of others',NULL,NULL,NULL,17,NULL,21,NULL,NULL),(818,'Spouse',NULL,'1 Cor 7:5',NULL,18,NULL,21,'Intimacy -We should not deprive each other sexually, except perhaps by agreement for a limited time, that we may devote ourselves to prayer; but then come together again sexually, so that satan may not tempt us because of our lack of self-control.',NULL),(819,'Kids in my life (current or future).','For my children help them find YOUR KINDNESS -Help us be kind to one another, tenderhearted, forgiving one another, as God in Christ forgave us.','Eph. 4:32',NULL,19,NULL,21,'For all the kids, may they be surrounded by the influence of others & activities that all draw them to a closer intiimacy with YOU.',NULL),(820,'Pray for:',NULL,NULL,'RSS feed for persecuted Church website.',20,NULL,21,'persecuted church',NULL),(821,'Scripture reading',NULL,'OT',NULL,21,NULL,21,'Read 1 Chapter in the OT',NULL),(822,'Personal -Blessings','YOU make known to me the path of life; YOU will fill me with joy in YOUR presence, with eternal pleasures at YOUR right hand.','Psalm 16:11',NULL,22,NULL,21,'Give me today my daily bread.',NULL),(823,'Personal -specific issues','I cast all my anxieties on YOU, because YOU care for me.','1 Peter 5:7','I humble myself under YOUR mighty Hand & cast up to YOU these specific matters, becasue I know YOU care for me. 1 Pet 5:6-13',23,NULL,21,NULL,NULL),(824,'Personal -$$','The seed that fell among thorns stands for those who hear, but as they go on their way they are choked by life’s worries, riches and pleasures, and they do not mature. So if I am not steadily maturing in my walk with the Lord, I best inspect where I am at with worries of life, money and the lust for self gratifying pleasure.','Luke 8:14',NULL,24,NULL,21,'Help me manage the resources YOU have given me stewardship over according to YOUR truth.',NULL),(825,'Personal -power of my words','A gossip betrays a confidence, but a trustworthy person keeps a secret.','Proverbs 11:13',NULL,25,NULL,21,'The bitterest tears shed over graves are for words left unsaid and deeds left undone.--Harriet Beecher Stowe',NULL),(826,'Personal -Who am I?','I know that my old flesh was crucified with JESUS so that my body of sin would no longer dominate me and I would no longer be enslaved to sin.','Romans 6:6','Remind me WHO I AM because of YOU JESUS:',26,NULL,21,'My old self was crucified with Christ, and I am no longer a slave to sin',NULL),(827,'My Life Purpose','YOU have made everything for its purpose, even the wicked for the day of trouble.','Proverbs 16:4','What is my life vision/missions statement?',27,NULL,21,NULL,NULL),(828,'Thanks','Grace & peace are from YOU Lord Jesus Christ. I thank YOU always when I remember others in my prayers, because I hear of their love & of the faith that they have YOU Lord Jesus,','Phil 1:3-5',NULL,28,NULL,21,NULL,NULL),(829,'Scripture reading',NULL,'NT',NULL,29,NULL,21,'Read 1 Chapter in the NT',NULL),(830,'Warfare','Watch for enemy threat:','Ex 14:14','May I not face tempation today and deliver me from the enemy that seeks to lie to me and get me to cooperate with the killing, stealing and destroying of everything good YOU desire to bring to my life.',30,NULL,21,'The Lord will fight for me, I only have to be silent.',NULL),(831,'Armor On!','Today I choose to put on the complete armor of God, so that I will be able to successfully resist and stand my ground today, and having done everything that today demands, to stand firm in place, fully prepared, immovable, victorious!','1 John 3:8','The reason the Son of God appeared was to destroy the devil\'s work.',31,NULL,21,'Put on the armor of God.',NULL),(832,'Journal','This Book of the Law shall not depart from my mouth, but I will meditate on it day and night, so that I may be careful to do according to all that is written in it. For then YOU will make my way prosperous, and then I will have good success.','Jos 1:8',NULL,32,NULL,21,'Journal what You said to me today:',NULL),(833,'Benidiction for my day','For I am sure that neither death nor life, nor angels nor rulers, nor things present nor things to come, nor powers, nor height nor depth, nor anything else in all creation, will be able to separate me from YOUR love Christ Jesus my Lord.','Rom. 8:38-39',NULL,33,NULL,21,NULL,NULL),(834,'Music with meaning.','I will sing to YOU because YOU have dealt bountifully with me.','Psalm 13:6',NULL,34,NULL,21,'“Next to the Word of God, music deserves the highest praise. The gift of language combined with the gift of song was given to man that he should proclaim the Word of God through music.”—Martin Luther','https://www.youtube.com/playlist?list=PLZdpE0NYhNb8oTRuuAgPt6OG0SuWcMZUK'),(835,'Pray for specific people.',NULL,NULL,'Customer user input will soon be available here.',35,NULL,21,'Who would you have me pray for right now? (fill names in below)',NULL),(836,'Forgivness','Forgive me of my sins in the EXACT SAME WAY I forgive those I feel have wronged me.',NULL,NULL,36,NULL,21,NULL,NULL),(837,'My List',NULL,NULL,NULL,37,NULL,21,'This will be a list of people I am praying for.',NULL),(838,'Worship & Praise -YOUR Name',NULL,'Matthew 6:9',NULL,38,NULL,21,'I exalt & glorify YOUR holy Name:',NULL),(839,'Replace my way with YOUR way, I receive:',NULL,NULL,'Custom user input will soon be available here.',39,NULL,21,NULL,NULL),(840,'Personal Requests',NULL,NULL,NULL,40,NULL,21,'list burdens & concerns I am praying for:',NULL);
/*!40000 ALTER TABLE `Section` ENABLE KEYS */;
UNLOCK TABLES;

--
-- Table structure for table `Role`
--

DROP TABLE IF EXISTS `Role`;
/*!40101 SET @saved_cs_client     = @@character_set_client */;
/*!40101 SET character_set_client = utf8 */;
CREATE TABLE `Role` (
  `Id` int(11) NOT NULL,
  `Name` varchar(45) DEFAULT NULL,
  PRIMARY KEY (`Id`)
) ENGINE=InnoDB DEFAULT CHARSET=utf8;
/*!40101 SET character_set_client = @saved_cs_client */;

--
-- Dumping data for table `Role`
--

LOCK TABLES `Role` WRITE;
/*!40000 ALTER TABLE `Role` DISABLE KEYS */;
INSERT INTO `Role` VALUES (1,'Admin'),(2,'Standard');
/*!40000 ALTER TABLE `Role` ENABLE KEYS */;
UNLOCK TABLES;

--
-- Table structure for table `User`
--

DROP TABLE IF EXISTS `User`;
/*!40101 SET @saved_cs_client     = @@character_set_client */;
/*!40101 SET character_set_client = utf8 */;
CREATE TABLE `User` (
  `Id` int(11) NOT NULL AUTO_INCREMENT,
  `Email` varchar(45) NOT NULL,
  `Password` varchar(60) NOT NULL,
  `FirstName` varchar(45) DEFAULT NULL,
  `LastName` varchar(45) DEFAULT NULL,
  `Active` tinyint(4) DEFAULT NULL,
  `CreatedDate` datetime DEFAULT NULL,
  `PhoneNumber` varchar(45) DEFAULT NULL,
  `Role_Id` int(11) NOT NULL,
  `Username` varchar(45) DEFAULT NULL,
  PRIMARY KEY (`Id`),
  UNIQUE KEY `Email_UNIQUE` (`Email`),
  UNIQUE KEY `Id_UNIQUE` (`Id`),
  UNIQUE KEY `Username_UNIQUE` (`Username`),
  KEY `fk_User_Role1_idx` (`Role_Id`),
  CONSTRAINT `fk_User_Role1` FOREIGN KEY (`Role_Id`) REFERENCES `Role` (`Id`) ON DELETE NO ACTION ON UPDATE NO ACTION
) ENGINE=InnoDB AUTO_INCREMENT=30 DEFAULT CHARSET=utf8;
/*!40101 SET character_set_client = @saved_cs_client */;

--
-- Dumping data for table `User`
--

LOCK TABLES `User` WRITE;
/*!40000 ALTER TABLE `User` DISABLE KEYS */;
INSERT INTO `User` VALUES (1,'war@test','$2a$05$5yP/mfnhuQNW4C5UApG2C.yxG6w6vG7snIDQlgWbgsgCNuU2No5bq','Warrick','Syiem',1,'2020-04-01 20:06:49','',2,NULL),(2,'testnull@test','$2a$05$HkHwvQWZxmZtWppZktrMluIK4WQ./ZguhBXE6eDIlwHHop4watP2O','Gage','Payne',1,'2020-04-20 03:13:16','1111111111',2,NULL),(3,'test@test.com','$2a$05$W/JXCSbP8VUbTiMCHMCom.ak8kzzbdZpnl4podTfDfuwU4KWnFVR.','John','Maddox',1,'2020-04-20 17:09:41','',2,NULL),(4,'test2@test2.com','$2a$05$Dy8MmBxi9spmVM08beGWpuiiCgv/qfEb9AFfsR1iAU.qI15l/aYRy','Jon','MadOx',1,'2020-04-20 17:13:18','',2,NULL),(5,'emily@test.com','$2a$05$qq9a3x8d4jjACdfxcM3x8ecw/BXZ9jsTAlbMMPWIwTkP6whdr.pWi','Emily','Test',1,'2020-04-20 19:38:09','1111111112',2,NULL),(6,'collin@test.com','$2a$05$FcTxjMIKAIqyjj4mOw6GhOrcplKOgbZpuZDctcshZ70IFsrwG.ZPW','Collin','Test',1,'2020-04-20 19:44:06','2222222222',2,NULL),(7,'rbansley@liberty.edu','$2a$05$AHbmPoPhETM1JnAynQhmRukBJgbXF7NCHvVVd6.r8qBCUmu8ISlgq',NULL,NULL,1,'2020-04-21 23:34:39',NULL,2,NULL),(8,'josh@testaccount.com','$2a$05$y4vfBY41EZF1LmVkiVcIOeZ.2VXJJVKRNa9m0mZkR1wOpNbdWliL.','josh','cuz',1,'2020-04-22 17:19:02','8505555555',2,NULL),(9,'james@bizability7.com','$2a$05$5sqhbw3V67eh9Wa4ODP3aOnnYCEVmqRTghxz0vt3OEXMlx6rKKA9.','James','McLeod',1,'2020-04-22 19:13:56','434-298-4440',2,NULL),(10,'beth@trm5.com','$2a$05$VPxE/HX.rOOxv5IlkX8LDOg3Ub1J/3NTnl1ieAhEUQJHA2EDIAZN2','Bethshan','McLeod',1,'2020-04-24 22:35:05','4345344689',2,NULL),(11,'jhorne52@gmail.com','$2a$05$hEh6xYnXQJ.wcFyAXHynuuBCkrhv4GKUK8zR6XCwRborH0lcmBzre','jeff','horne',1,'2020-04-25 21:29:24','703.987.0758',2,NULL),(12,'jbrown226@liberty.edu','$2a$05$MjqZVBFlGnb1jpiiyBPzj.kHH82MoNzocQR0V8JKSV8CgoT7y.Vwe','Jacob','Brown',1,'2020-09-18 00:29:28','',2,NULL),(13,'testerson669@gmail.com','$2a$05$OmPaKkeiqezPud0aQ6xGMOaaA2JmzyOWbX8Ibb7IGfd0SyKJB7yjm','Test','Testerson',1,'2020-09-18 00:29:35','5551234567',2,NULL),(14,'17dave.w@gmail.com','$2a$05$Zd0NklhXM34LyFPm4OSzdOTccjVRd2RF.TbVEf89G4RO8llrZhFbe','David ','Wilhelm',1,'2020-09-18 04:54:14','412-527-7382',2,NULL),(15,'elvogt@liberty.edu','$2a$05$Q3lvYoufCjbN/uvBzUCVlewfHCBQyd5BH1Cfv3wHGOKE47WM7m48q','Emily','Vogt',1,'2020-09-18 20:52:07','',2,NULL),(22,'test@testereson.gov','$2a$05$cY24O3wpRo5JKiTae/L.wuHcX6Azy4VtUYLjBlHn/zKi7zv04KJkS','Collin','Rogers',1,'2020-09-23 19:23:17','5551234567',2,NULL),(23,'testing@testing.com','$2a$05$YDHWnvFT8WbzDdYmpCmkLubcpkVxdVKNSq/YVBu49hgoj4Ohen3TG','Jacob','Brown',1,'2020-09-23 19:24:11','',2,NULL),(28,'test@newemail.com','$2a$05$ZWBJI5mI7S06XoOR8mrsD.rsvmFStlWBqscIDuK.yvI8UTgxjIJCq','Test','Testerson',1,'2020-09-23 19:28:44','5551234567',2,NULL),(29,'tyestiof@gmail.com','$2a$05$RiAB3XbM8lARk/K8dwtWROIuMnexncBng3yHsykf6cAdfnxwU7Kmm','Collin','Rogers',1,'2020-09-23 19:32:02','5551234567',2,NULL);
/*!40000 ALTER TABLE `User` ENABLE KEYS */;
UNLOCK TABLES;

--
-- Table structure for table `Journal`
--

DROP TABLE IF EXISTS `Journal`;
/*!40101 SET @saved_cs_client     = @@character_set_client */;
/*!40101 SET character_set_client = utf8 */;
CREATE TABLE `Journal` (
  `Id` int(11) NOT NULL AUTO_INCREMENT,
  `Title` varchar(45) DEFAULT NULL,
  `Body` text,
  `CreatedDate` datetime DEFAULT NULL,
  `User_Id` int(11) NOT NULL,
  `Section_Id` int(11) DEFAULT NULL,
  PRIMARY KEY (`Id`),
  KEY `fk_Journal_User1_idx` (`User_Id`),
  KEY `fk_Journal_Section_idx` (`Section_Id`),
  CONSTRAINT `fk_Journal_Section` FOREIGN KEY (`Section_Id`) REFERENCES `Section` (`Id`) ON DELETE NO ACTION ON UPDATE NO ACTION,
  CONSTRAINT `fk_Journal_User1` FOREIGN KEY (`User_Id`) REFERENCES `User` (`Id`) ON DELETE NO ACTION ON UPDATE NO ACTION
) ENGINE=InnoDB AUTO_INCREMENT=17 DEFAULT CHARSET=utf8;
/*!40101 SET character_set_client = @saved_cs_client */;

--
-- Dumping data for table `Journal`
--

LOCK TABLES `Journal` WRITE;
/*!40000 ALTER TABLE `Journal` DISABLE KEYS */;
INSERT INTO `Journal` VALUES (1,'This is a Test','...for testing.','2020-04-20 17:39:22',4,11),(2,'Scripture Journal','I learned many things that had to do with learning.','2020-04-20 19:41:18',5,8),(3,'test2','test','2020-04-20 19:49:28',6,NULL),(4,'other','test','2020-04-20 19:49:33',6,NULL),(5,'one more','test','2020-04-20 19:49:39',6,NULL),(6,'My Journal','God is good','2020-04-22 01:11:21',7,NULL),(7,'Journal 1','Testing out the journal feature','2020-09-18 20:52:49',15,601),(8,'Journal 2','Still testing the functionality of the journals','2020-09-18 20:54:56',15,603),(9,'test entry.','my thoughts.','2020-09-22 23:51:58',10,601),(10,'Help','yyes','2020-09-23 19:38:56',29,612),(11,'Weird functionality','Thinking','2020-09-23 19:40:45',29,1),(12,'Grapes','I like grapes','2020-09-23 19:44:32',29,4),(13,'This poor app.','Look at how much this app is on fire!','2020-09-23 20:06:35',14,21),(14,'WHAT IS HAPPENING','HALP','2020-09-23 20:11:26',14,19),(15,'journal entry 11','more thoughts 11','2020-09-24 18:43:18',10,603),(16,'test here','long titles fail to save properly.','2020-09-24 19:09:50',10,602);
/*!40000 ALTER TABLE `Journal` ENABLE KEYS */;
UNLOCK TABLES;

--
-- Table structure for table `User_has_Plan`
--

DROP TABLE IF EXISTS `User_has_Plan`;
/*!40101 SET @saved_cs_client     = @@character_set_client */;
/*!40101 SET character_set_client = utf8 */;
CREATE TABLE `User_has_Plan` (
  `Id` int(11) NOT NULL AUTO_INCREMENT,
  `User_Id` int(11) NOT NULL,
  `Plan_Id` int(11) NOT NULL,
  `Current_Section_Id` int(11) NOT NULL,
  `Active` tinyint(4) DEFAULT '0',
  `Times_Completed` int(11) DEFAULT '0',
  PRIMARY KEY (`Id`),
  UNIQUE KEY `Id_UNIQUE` (`Id`),
  KEY `fk_User_has_Cycle_User1_idx` (`User_Id`),
  KEY `fk_User_has_Plan_Plan1_idx` (`Plan_Id`),
  KEY `fk_User_has_Plan_Section1_idx` (`Current_Section_Id`),
  CONSTRAINT `fk_User_has_Cycle_User1` FOREIGN KEY (`User_Id`) REFERENCES `User` (`Id`) ON DELETE NO ACTION ON UPDATE NO ACTION,
  CONSTRAINT `fk_User_has_Plan_Plan1` FOREIGN KEY (`Plan_Id`) REFERENCES `Plan` (`Id`) ON DELETE NO ACTION ON UPDATE NO ACTION,
  CONSTRAINT `fk_User_has_Plan_Section1` FOREIGN KEY (`Current_Section_Id`) REFERENCES `Section` (`Id`) ON DELETE NO ACTION ON UPDATE NO ACTION
) ENGINE=InnoDB AUTO_INCREMENT=51 DEFAULT CHARSET=utf8;
/*!40101 SET character_set_client = @saved_cs_client */;

--
-- Dumping data for table `User_has_Plan`
--

LOCK TABLES `User_has_Plan` WRITE;
/*!40000 ALTER TABLE `User_has_Plan` DISABLE KEYS */;
INSERT INTO `User_has_Plan` VALUES (1,4,3,401,0,0),(2,4,4,601,0,0),(3,4,4,601,0,0),(4,4,3,401,0,0),(5,4,1,1,0,0),(6,4,1,1,0,0),(7,4,1,1,0,0),(8,4,1,42,0,0),(9,2,1,1,1,0),(10,4,1,1,0,0),(11,3,1,1,1,0),(12,5,1,17,1,0),(13,6,1,1,0,0),(14,6,2,241,1,0),(15,9,4,601,0,0),(16,1,1,1,1,0),(17,10,4,604,1,0),(18,9,4,630,1,0),(19,11,1,1,1,0),(20,13,1,4,0,0),(21,12,1,4,1,0),(22,15,4,607,0,0),(23,4,2,201,1,0),(24,29,4,612,0,0),(25,14,3,401,0,0),(26,14,1,16,0,0),(27,14,1,3,0,0),(28,14,1,6,0,0),(29,15,3,401,0,0),(30,14,1,4,0,0),(31,14,1,1,0,0),(32,14,1,38,0,0),(33,15,1,32,0,0),(34,29,1,4,1,0),(35,14,1,37,0,0),(36,15,3,544,0,0),(37,14,1,174,0,0),(38,14,1,1,0,0),(39,15,1,1,0,0),(40,13,1,1,0,0),(41,13,1,1,0,0),(42,13,1,1,0,0),(43,14,1,1,0,0),(44,14,1,1,0,0),(45,13,1,1,1,0),(46,15,3,401,0,0),(47,14,1,1,0,0),(48,15,1,4,1,0),(49,14,1,19,0,0),(50,14,1,1,1,0);
/*!40000 ALTER TABLE `User_has_Plan` ENABLE KEYS */;
UNLOCK TABLES;
--
-- Table structure for table `User_has_Group`
--

DROP TABLE IF EXISTS `User_has_Group`;
/*!40101 SET @saved_cs_client     = @@character_set_client */;
/*!40101 SET character_set_client = utf8 */;
CREATE TABLE `User_has_Group` (
  `Id` int(11) NOT NULL AUTO_INCREMENT,
  `User_Id` int(11) NOT NULL,
  `Group_Id` int(11) NOT NULL,
  `GroupRole_Id` int(11) NOT NULL,
  `User_has_Plan_Id` int(11) NOT NULL,
  `Active` tinyint(4) DEFAULT '0',
  PRIMARY KEY (`Id`),
  UNIQUE KEY `Id_UNIQUE` (`Id`),
  KEY `fk_User_has_Group_Group1_idx` (`Group_Id`),
  KEY `fk_User_has_Group_User1_idx` (`User_Id`),
  KEY `fk_User_has_Group_GroupRole1_idx` (`GroupRole_Id`),
  KEY `fk_User_has_Group_User_has_Plan1_idx` (`User_has_Plan_Id`),
  CONSTRAINT `fk_User_has_Group_Group1` FOREIGN KEY (`Group_Id`) REFERENCES `Group` (`Id`) ON DELETE NO ACTION ON UPDATE NO ACTION,
  CONSTRAINT `fk_User_has_Group_GroupRole1` FOREIGN KEY (`GroupRole_Id`) REFERENCES `GroupRole` (`Id`) ON DELETE NO ACTION ON UPDATE NO ACTION,
  CONSTRAINT `fk_User_has_Group_User1` FOREIGN KEY (`User_Id`) REFERENCES `User` (`Id`) ON DELETE NO ACTION ON UPDATE NO ACTION,
  CONSTRAINT `fk_User_has_Group_User_has_Plan1` FOREIGN KEY (`User_has_Plan_Id`) REFERENCES `User_has_Plan` (`Id`) ON DELETE NO ACTION ON UPDATE NO ACTION
) ENGINE=InnoDB AUTO_INCREMENT=51 DEFAULT CHARSET=utf8;
/*!40101 SET character_set_client = @saved_cs_client */;

--
-- Dumping data for table `User_has_Group`
--

LOCK TABLES `User_has_Group` WRITE;
/*!40000 ALTER TABLE `User_has_Group` DISABLE KEYS */;
INSERT INTO `User_has_Group` VALUES (1,4,1,1,1,0),(2,4,2,1,2,0),(3,4,3,1,3,0),(4,4,4,1,4,0),(5,4,5,1,5,0),(6,4,6,1,6,0),(7,4,7,1,7,0),(8,4,8,1,8,0),(9,2,9,1,9,1),(10,4,10,1,10,0),(11,3,10,2,11,1),(12,5,11,1,12,1),(13,6,11,2,13,0),(14,6,12,1,14,1),(15,9,13,1,15,0),(16,1,14,1,16,1),(17,10,15,1,17,1),(18,9,16,1,18,1),(19,11,17,1,19,1),(20,13,18,1,20,0),(21,12,19,1,21,1),(22,15,20,1,22,0),(23,4,21,1,23,1),(24,29,22,1,24,0),(25,14,23,1,25,0),(26,14,24,1,26,0),(27,14,25,1,27,0),(28,14,26,1,28,0),(29,15,27,1,29,0),(30,14,28,1,30,0),(31,14,29,1,31,0),(32,14,30,1,32,0),(33,15,31,1,33,0),(34,29,32,1,34,1),(35,14,33,1,35,0),(36,15,34,1,36,0),(37,14,35,1,37,0),(38,14,19,2,38,0),(39,15,19,2,39,0),(40,13,19,2,40,0),(41,13,18,2,41,0),(42,13,18,2,42,0),(43,14,19,2,43,0),(44,14,19,2,44,0),(45,13,19,2,45,1),(46,15,36,1,46,0),(47,14,33,2,47,0),(48,15,19,2,48,1),(49,14,19,2,49,0),(50,14,37,1,50,1);
/*!40000 ALTER TABLE `User_has_Group` ENABLE KEYS */;
UNLOCK TABLES;

--
-- Table structure for table `Tag`
--

DROP TABLE IF EXISTS `Tag`;
/*!40101 SET @saved_cs_client     = @@character_set_client */;
/*!40101 SET character_set_client = utf8 */;
CREATE TABLE `Tag` (
  `Id` int(11) NOT NULL AUTO_INCREMENT,
  `Name` varchar(45) DEFAULT NULL,
  `Active` tinyint(4) DEFAULT NULL,
  PRIMARY KEY (`Id`),
  UNIQUE KEY `Name_UNIQUE` (`Name`)
) ENGINE=InnoDB AUTO_INCREMENT=4 DEFAULT CHARSET=utf8;
/*!40101 SET character_set_client = @saved_cs_client */;

--
-- Dumping data for table `Tag`
--

LOCK TABLES `Tag` WRITE;
/*!40000 ALTER TABLE `Tag` DISABLE KEYS */;
INSERT INTO `Tag` VALUES (1,'Family',1),(2,'Love',1),(3,'Sacrifice',1);
/*!40000 ALTER TABLE `Tag` ENABLE KEYS */;
UNLOCK TABLES;

--
-- Table structure for table `Section_has_Tag`
--

DROP TABLE IF EXISTS `Section_has_Tag`;
/*!40101 SET @saved_cs_client     = @@character_set_client */;
/*!40101 SET character_set_client = utf8 */;
CREATE TABLE `Section_has_Tag` (
  `Id` int(11) NOT NULL AUTO_INCREMENT,
  `Section_Id` int(11) NOT NULL,
  `Tag_Id` int(11) NOT NULL,
  PRIMARY KEY (`Id`),
  UNIQUE KEY `Id_UNIQUE` (`Id`),
  KEY `fk_Section_has_Tag_Tag1_idx` (`Tag_Id`),
  KEY `fk_Section_has_Tag_Section1_idx` (`Section_Id`),
  CONSTRAINT `fk_Section_has_Tag_Section1` FOREIGN KEY (`Section_Id`) REFERENCES `Section` (`Id`) ON DELETE NO ACTION ON UPDATE NO ACTION,
  CONSTRAINT `fk_Section_has_Tag_Tag1` FOREIGN KEY (`Tag_Id`) REFERENCES `Tag` (`Id`) ON DELETE NO ACTION ON UPDATE NO ACTION
) ENGINE=InnoDB DEFAULT CHARSET=utf8;
/*!40101 SET character_set_client = @saved_cs_client */;

--
-- Dumping data for table `Section_has_Tag`
--

LOCK TABLES `Section_has_Tag` WRITE;
/*!40000 ALTER TABLE `Section_has_Tag` DISABLE KEYS */;
/*!40000 ALTER TABLE `Section_has_Tag` ENABLE KEYS */;
UNLOCK TABLES;

--
-- Table structure for table `PrayerRequest`
--

DROP TABLE IF EXISTS `PrayerRequest`;
/*!40101 SET @saved_cs_client     = @@character_set_client */;
/*!40101 SET character_set_client = utf8 */;
CREATE TABLE `PrayerRequest` (
  `Id` int(11) NOT NULL AUTO_INCREMENT,
  `Title` varchar(45) DEFAULT NULL,
  `Body` tinytext,
  `Resolved` tinyint(4) DEFAULT NULL,
  `IsPrivate` tinyint(4) DEFAULT NULL,
  `CreatedDate` datetime DEFAULT NULL,
  `User_Id` int(11) NOT NULL,
  `Frequency` int(11) DEFAULT NULL,
  `Section_Id` int(11) DEFAULT NULL,
  PRIMARY KEY (`Id`),
  KEY `fk_PrayerRequest_User1_idx` (`User_Id`),
  KEY `fk_PrayerRequest_Section1_idx` (`Section_Id`),
  CONSTRAINT `fk_PrayerRequest_Section1` FOREIGN KEY (`Section_Id`) REFERENCES `Section` (`Id`) ON DELETE NO ACTION ON UPDATE NO ACTION,
  CONSTRAINT `fk_PrayerRequest_User1` FOREIGN KEY (`User_Id`) REFERENCES `User` (`Id`) ON DELETE NO ACTION ON UPDATE NO ACTION
) ENGINE=InnoDB AUTO_INCREMENT=31 DEFAULT CHARSET=utf8;
/*!40101 SET character_set_client = @saved_cs_client */;

--
-- Dumping data for table `PrayerRequest`
--

LOCK TABLES `PrayerRequest` WRITE;
/*!40000 ALTER TABLE `PrayerRequest` DISABLE KEYS */;
INSERT INTO `PrayerRequest` VALUES (1,'This is a Prayer','... for praying.',0,0,'2020-04-20 17:44:03',4,3,11),(2,'This is a Prayer','... for praying.',0,0,'2020-04-20 17:44:17',4,3,11),(3,'This is a Prayer','... for praying.',0,0,'2020-04-20 17:44:20',4,3,11),(4,'This is a Prayer','feg',0,0,'2020-04-20 17:46:03',4,2,11),(5,'Understanding','I want to be able to understand',0,1,'2020-04-20 19:42:23',5,2,8),(6,'test','test',0,1,'2020-04-20 19:50:19',6,2,NULL),(7,'That This Works Okay.','No we can keep working on it straight ahead now so now?',0,0,'2020-04-25 04:49:12',9,1,604),(8,'Mission To Italy','Safety here and there for whole family. Walk in righteousness.\nImpact many lives for eternity.',0,0,'2020-05-01 04:21:41',9,1,606),(9,'Mushroom Audit','Cleared and Grant restored.',0,0,'2020-05-01 04:27:16',9,2,610),(10,'Need Serving Request Here.','Test content.',0,0,'2020-05-01 04:40:11',9,4,606),(11,'Test Content','Content',0,0,'2020-05-01 04:55:32',9,6,NULL),(12,'Prayer Request 1','Testing out the prayer request functionality',0,0,'2020-09-18 20:54:19',15,1,601),(13,'rotating prayer 1','here we go.',0,1,'2020-09-22 23:52:41',10,5,601),(14,'rotating prayer 1','here we go.',0,1,'2020-09-22 23:52:45',10,5,601),(15,'rotating prayer 1','here we go.',0,0,'2020-09-22 23:52:47',10,5,601),(16,'rotating prayer 1','here we go.',0,0,'2020-09-22 23:53:00',10,1,601),(17,'Ree','Reeeeee!!!',0,0,'2020-09-23 20:03:58',14,4,3),(18,'request 11','here are some notes.\n\nCAN I JOURNAL HERE WITH DATE TIME STAMP??\nLINK THIS TO THE REGULAR JOURNAL AS WELL??',0,0,'2020-09-24 18:44:31',10,-1,603),(19,'request 11','here are some notes.\n\nCAN I JOURNAL HERE WITH DATE TIME STAMP??\nLINK THIS TO THE REGULAR JOURNAL AS WELL??',0,0,'2020-09-24 18:44:35',10,3,603),(20,'request 11','here are some notes.\n\nCAN I JOURNAL HERE WITH DATE TIME STAMP??\nLINK THIS TO THE REGULAR JOURNAL AS WELL??',0,1,'2020-09-24 18:47:04',10,3,603),(21,'maybe this is about another section','have each section be auto tags, plus their personal custom tags.',0,0,'2020-09-24 19:10:52',10,-2,602),(22,'another prayer request-12','This is something altogether for another section.',0,0,'2020-09-24 19:25:00',10,1,601),(23,'randon personal request','anything here, pray about church service.\ntime date stamp.',0,0,'2020-09-24 20:22:51',10,-2,602),(24,'boop','boop de woop',0,0,'2020-09-24 20:26:29',14,1,1),(25,'boop','boop de woop',0,0,'2020-09-24 20:26:37',14,1,1),(26,'iiii','jjjj',0,0,'2020-09-24 20:26:50',14,1,1),(27,'iiii','jjjj',0,0,'2020-09-24 20:26:52',14,1,1),(28,'iiii','jjjj',0,0,'2020-09-24 20:26:53',14,1,1),(29,'iiii','jjjj',0,0,'2020-09-24 20:26:53',14,1,1),(30,'iiii','jjjj',0,0,'2020-09-24 20:26:57',14,1,1);
/*!40000 ALTER TABLE `PrayerRequest` ENABLE KEYS */;
UNLOCK TABLES;

--
-- Table structure for table `Prayer_has_Tag`
--

DROP TABLE IF EXISTS `Prayer_has_Tag`;
/*!40101 SET @saved_cs_client     = @@character_set_client */;
/*!40101 SET character_set_client = utf8 */;
CREATE TABLE `Prayer_has_Tag` (
  `Id` int(11) NOT NULL AUTO_INCREMENT,
  `Tag_Id` int(11) NOT NULL,
  `PrayerRequest_Id` int(11) NOT NULL,
  PRIMARY KEY (`Id`),
  UNIQUE KEY `Id_UNIQUE` (`Id`),
  KEY `fk_Prayer_has_Tag_Tag1_idx` (`Tag_Id`),
  KEY `fk_Prayer_has_Tag_PrayerRequest1_idx` (`PrayerRequest_Id`),
  CONSTRAINT `fk_Prayer_has_Tag_PrayerRequest1` FOREIGN KEY (`PrayerRequest_Id`) REFERENCES `PrayerRequest` (`Id`) ON DELETE NO ACTION ON UPDATE NO ACTION,
  CONSTRAINT `fk_Prayer_has_Tag_Tag1` FOREIGN KEY (`Tag_Id`) REFERENCES `Tag` (`Id`) ON DELETE NO ACTION ON UPDATE NO ACTION
) ENGINE=InnoDB AUTO_INCREMENT=14 DEFAULT CHARSET=utf8;
/*!40101 SET character_set_client = @saved_cs_client */;

--
-- Dumping data for table `Prayer_has_Tag`
--

LOCK TABLES `Prayer_has_Tag` WRITE;
/*!40000 ALTER TABLE `Prayer_has_Tag` DISABLE KEYS */;
INSERT INTO `Prayer_has_Tag` VALUES (1,1,6),(2,2,6),(3,3,7),(4,1,8),(5,1,9),(6,2,10),(7,3,11),(8,1,12),(9,3,12),(11,2,23),(12,2,25),(13,3,30);
/*!40000 ALTER TABLE `Prayer_has_Tag` ENABLE KEYS */;
UNLOCK TABLES;

--
-- Table structure for table `Notification_Type`
--

DROP TABLE IF EXISTS `Notification_Type`;
/*!40101 SET @saved_cs_client     = @@character_set_client */;
/*!40101 SET character_set_client = utf8 */;
CREATE TABLE `Notification_Type` (
  `Id` int(11) NOT NULL,
  `Name` varchar(45) DEFAULT NULL,
  `Ion_Icon` varchar(45) DEFAULT NULL,
  PRIMARY KEY (`Id`),
  UNIQUE KEY `Id_UNIQUE` (`Id`)
) ENGINE=InnoDB DEFAULT CHARSET=utf8;
/*!40101 SET character_set_client = @saved_cs_client */;

--
-- Dumping data for table `Notification_Type`
--

LOCK TABLES `Notification_Type` WRITE;
/*!40000 ALTER TABLE `Notification_Type` DISABLE KEYS */;
INSERT INTO `Notification_Type` VALUES (1,'Join Group Request','help'),(2,'Accepted to Group','checkmark'),(3,'Rejected from Group','close'),(4,'Nudge','alert'),(5,'Removed from Group','close');
/*!40000 ALTER TABLE `Notification_Type` ENABLE KEYS */;
UNLOCK TABLES;

--
-- Table structure for table `Notification`
--

DROP TABLE IF EXISTS `Notification`;
/*!40101 SET @saved_cs_client     = @@character_set_client */;
/*!40101 SET character_set_client = utf8 */;
CREATE TABLE `Notification` (
  `Id` int(11) NOT NULL AUTO_INCREMENT,
  `Title` tinytext,
  `Body` text,
  `Completed` tinyint(4) DEFAULT '0',
  `Read` tinyint(4) DEFAULT '0',
  `CreatedDate` datetime DEFAULT NULL,
  `To_User_Id` int(11) NOT NULL,
  `From_User_Id` int(11) NOT NULL,
  `Notification_Type_Id` int(11) NOT NULL,
  `Group_Id` int(11) DEFAULT NULL,
  PRIMARY KEY (`Id`),
  UNIQUE KEY `Id_UNIQUE` (`Id`),
  KEY `fk_Notification_User1_idx` (`To_User_Id`),
  KEY `fk_Notification_Group1_idx` (`Group_Id`),
  KEY `fk_Notification_Notification_Type1_idx` (`Notification_Type_Id`),
  KEY `fk_Notification_User2_idx` (`From_User_Id`),
  CONSTRAINT `fk_Notification_Group1` FOREIGN KEY (`Group_Id`) REFERENCES `Group` (`Id`) ON DELETE NO ACTION ON UPDATE NO ACTION,
  CONSTRAINT `fk_Notification_Notification_Type1` FOREIGN KEY (`Notification_Type_Id`) REFERENCES `Notification_Type` (`Id`) ON DELETE NO ACTION ON UPDATE NO ACTION,
  CONSTRAINT `fk_Notification_User1` FOREIGN KEY (`To_User_Id`) REFERENCES `User` (`Id`) ON DELETE NO ACTION ON UPDATE NO ACTION,
  CONSTRAINT `fk_Notification_User2` FOREIGN KEY (`From_User_Id`) REFERENCES `User` (`Id`) ON DELETE NO ACTION ON UPDATE NO ACTION
) ENGINE=InnoDB AUTO_INCREMENT=41 DEFAULT CHARSET=utf8;
/*!40101 SET character_set_client = @saved_cs_client */;

--
-- Dumping data for table `Notification`
--

LOCK TABLES `Notification` WRITE;
/*!40000 ALTER TABLE `Notification` DISABLE KEYS */;
INSERT INTO `Notification` VALUES (1,'John Maddox is requesting to join your group!','Please notify John if you would like to add them to your group. If you don\'t know who this is or do not want them in your group reject them.',0,1,'2020-04-20 18:07:41',4,3,1,10),(2,'John Maddox is requesting to join your group!','Please notify John if you would like to add them to your group. If you don\'t know who this is or do not want them in your group reject them.',1,1,'2020-04-20 18:08:07',4,3,1,10),(3,'You have been accepted to My Group!','You have been added to My Group. Have fun with your knew group and make sure to keep each other accountable!',0,1,'2020-04-20 18:11:50',3,4,2,10),(4,'Jon nudged you!','Jon nudged you! Make sure you are keeping up with your plan.',0,1,'2020-04-20 18:14:47',3,4,4,NULL),(5,'Collin Test is requesting to join your group!','Please notify Collin if you would like to add them to your group. If you don\'t know who this is or do not want them in your group reject them.',1,1,'2020-04-20 19:44:19',5,6,1,11),(6,'You have been accepted to 8 week Group!','You have been added to 8 week Group. Have fun with your knew group and make sure to keep each other accountable!',0,1,'2020-04-20 19:44:52',6,5,2,11),(7,'Emily nudged you!','Emily nudged you! Make sure you are keeping up with your plan.',0,1,'2020-04-20 19:45:04',6,5,4,NULL),(8,'Emily Vogt is requesting to join your group!','Please notify Emily if you would like to add them to your group. If you don\'t know who this is or do not want them in your group reject them.',1,1,'2020-09-18 20:56:46',15,15,1,20),(9,'You were rejected from group with code: 20','The administrator of the group you requested to join has declined your request.',0,1,'2020-09-23 19:37:32',15,15,3,20),(10,'David  Wilhelm is requesting to join your group!','Please notify David  if you would like to add them to your group. If you don\'t know who this is or do not want them in your group reject them.',1,1,'2020-09-23 19:50:59',14,14,1,33),(11,'David  Wilhelm is requesting to join your group!','Please notify David  if you would like to add them to your group. If you don\'t know who this is or do not want them in your group reject them.',1,1,'2020-09-23 19:51:36',12,14,1,19),(12,'Test Testerson is requesting to join your group!','Please notify Test if you would like to add them to your group. If you don\'t know who this is or do not want them in your group reject them.',1,1,'2020-09-23 19:52:25',13,13,1,18),(13,'Emily Vogt is requesting to join your group!','Please notify Emily if you would like to add them to your group. If you don\'t know who this is or do not want them in your group reject them.',1,1,'2020-09-23 19:54:27',12,15,1,19),(14,'You have been accepted to 8 week Group!','You have been added to 8 week Group. Have fun with your knew group and make sure to keep each other accountable!',0,1,'2020-09-23 19:54:39',14,12,2,19),(15,'You have been accepted to 8 week Group!','You have been added to 8 week Group. Have fun with your knew group and make sure to keep each other accountable!',0,1,'2020-09-23 19:54:41',15,12,2,19),(16,'Test Testerson is requesting to join your group!','Please notify Test if you would like to add them to your group. If you don\'t know who this is or do not want them in your group reject them.',1,1,'2020-09-23 19:54:45',12,13,1,19),(17,'David  Wilhelm is requesting to join your group!','Please notify David  if you would like to add them to your group. If you don\'t know who this is or do not want them in your group reject them.',1,1,'2020-09-23 19:54:47',12,14,1,19),(18,'You have been accepted to 8 week Group!','You have been added to 8 week Group. Have fun with your knew group and make sure to keep each other accountable!',0,1,'2020-09-23 19:54:51',13,12,2,19),(19,'You have been accepted to 8 week Group!','You have been added to 8 week Group. Have fun with your knew group and make sure to keep each other accountable!',0,1,'2020-09-23 19:55:09',13,13,2,18),(20,'You have been accepted to 8 week Group!','You have been added to 8 week Group. Have fun with your knew group and make sure to keep each other accountable!',0,1,'2020-09-23 19:55:12',13,13,2,18),(21,'You have been accepted to 8 week Group!','You have been added to 8 week Group. Have fun with your knew group and make sure to keep each other accountable!',0,1,'2020-09-23 19:55:12',14,12,2,19),(22,'You have been accepted to 8 week Group!','You have been added to 8 week Group. Have fun with your knew group and make sure to keep each other accountable!',0,1,'2020-09-23 19:55:15',14,12,2,19),(23,'Jacob nudged you!','Jacob nudged you! Make sure you are keeping up with your plan.',0,1,'2020-09-23 19:55:24',14,12,4,NULL),(24,'Jacob nudged you!','Jacob nudged you! Make sure you are keeping up with your plan.',0,1,'2020-09-23 19:55:26',15,12,4,NULL),(25,'David  nudged you!','David  nudged you! Make sure you are keeping up with your plan.',0,1,'2020-09-23 19:55:41',12,14,4,NULL),(26,'David  nudged you!','David  nudged you! Make sure you are keeping up with your plan.',0,1,'2020-09-23 19:55:49',15,14,4,NULL),(27,'Test Testerson is requesting to join your group!','Please notify Test if you would like to add them to your group. If you don\'t know who this is or do not want them in your group reject them.',1,1,'2020-09-23 19:56:07',12,13,1,19),(28,'You have been accepted to 8 week Group!','You have been added to 8 week Group. Have fun with your knew group and make sure to keep each other accountable!',0,0,'2020-09-23 19:56:16',13,12,2,19),(29,'You have been accepted to 8 week Group!','You have been added to 8 week Group. Have fun with your knew group and make sure to keep each other accountable!',0,1,'2020-09-23 19:56:19',14,14,2,33),(30,'Test nudged you!','Test nudged you! Make sure you are keeping up with your plan.',0,1,'2020-09-23 19:56:37',12,13,4,NULL),(31,'Emily Vogt is requesting to join your group!','Please notify Emily if you would like to add them to your group. If you don\'t know who this is or do not want them in your group reject them.',1,1,'2020-09-23 19:56:40',12,15,1,19),(32,'You have been accepted to 8 week Group!','You have been added to 8 week Group. Have fun with your knew group and make sure to keep each other accountable!',0,1,'2020-09-23 19:56:49',15,12,2,19),(33,'David  Wilhelm is requesting to join your group!','Please notify David  if you would like to add them to your group. If you don\'t know who this is or do not want them in your group reject them.',1,1,'2020-09-23 19:56:59',12,14,1,19),(34,'Test nudged you!','Test nudged you! Make sure you are keeping up with your plan.',0,1,'2020-09-23 19:57:06',15,13,4,NULL),(35,'You have been accepted to 8 week Group!','You have been added to 8 week Group. Have fun with your knew group and make sure to keep each other accountable!',0,1,'2020-09-23 19:57:08',14,12,2,19),(36,'Jacob nudged you!','Jacob nudged you! Make sure you are keeping up with your plan.',0,0,'2020-09-23 19:57:46',13,12,4,NULL),(37,'Jacob nudged you!','Jacob nudged you! Make sure you are keeping up with your plan.',0,1,'2020-09-23 19:57:47',15,12,4,NULL),(38,'Jacob nudged you!','Jacob nudged you! Make sure you are keeping up with your plan.',0,1,'2020-09-23 19:57:49',14,12,4,NULL),(39,'You have been removed from Test group 8 week fun with friends','You have been removed from your group Test group 8 week fun with friends. Please contact the administor of this group to find out why.',0,1,'2020-09-23 20:18:08',14,12,5,19),(40,'Jacob nudged you!','Jacob nudged you! Make sure you are keeping up with your plan.',0,0,'2020-09-23 20:19:44',15,12,4,NULL);
/*!40000 ALTER TABLE `Notification` ENABLE KEYS */;
UNLOCK TABLES;

--
-- Table structure for table `Message`
--

DROP TABLE IF EXISTS `Message`;
/*!40101 SET @saved_cs_client     = @@character_set_client */;
/*!40101 SET character_set_client = utf8 */;
CREATE TABLE `Message` (
  `Id` int(11) NOT NULL AUTO_INCREMENT,
  `Body` text,
  `CreatedDate` varchar(45) DEFAULT NULL,
  `Group_Id` int(11) NOT NULL,
  `User_Id` int(11) NOT NULL,
  PRIMARY KEY (`Id`),
  KEY `fk_Message_Group1_idx` (`Group_Id`),
  KEY `fk_Message_User1_idx` (`User_Id`),
  CONSTRAINT `fk_Message_Group1` FOREIGN KEY (`Group_Id`) REFERENCES `Group` (`Id`) ON DELETE NO ACTION ON UPDATE NO ACTION,
  CONSTRAINT `fk_Message_User1` FOREIGN KEY (`User_Id`) REFERENCES `User` (`Id`) ON DELETE NO ACTION ON UPDATE NO ACTION
) ENGINE=InnoDB DEFAULT CHARSET=utf8;
/*!40101 SET character_set_client = @saved_cs_client */;

--
-- Dumping data for table `Message`
--

LOCK TABLES `Message` WRITE;
/*!40000 ALTER TABLE `Message` DISABLE KEYS */;
/*!40000 ALTER TABLE `Message` ENABLE KEYS */;
UNLOCK TABLES;